symbol,entry_time,exit_time,entry,exit,ret_pct,bars_held,reason,risk_pct,taken
DHR,2026-07-16 10:05:00-04:00,2026-07-16 11:21:00-04:00,204.58,203.72,-0.48037910152027785,76,stop,0.4203791015202778,True
MCK,2026-07-16 10:25:00-04:00,2026-07-16 10:29:00-04:00,822.285,821.43,-0.1639749881182268,4,stop,0.10397498811822681,True
ABBV,2026-07-16 10:48:00-04:00,2026-07-16 10:54:00-04:00,251.99,252.8,0.26145294623478516,6,target,0.10715098207826171,True
ORLY,2026-07-16 10:50:00-04:00,2026-07-16 10:55:00-04:00,85.3925,85.685,0.28253379394053735,5,target,0.11417793131351245,True
SBUX,2026-07-16 10:50:00-04:00,2026-07-16 10:50:00-04:00,108.55,108.47,-0.13369650660437454,0,stop,0.07369650660437453,True
UNP,2026-07-16 10:50:00-04:00,2026-07-16 11:42:00-04:00,299.05,297.97,-0.4211427947615322,52,stop,0.36114279476153227,True
KO,2026-07-16 10:55:00-04:00,2026-07-16 10:55:00-04:00,84.265,84.2,-0.1371354311563646,0,stop,0.07713543115636459,True
MCD,2026-07-16 11:24:00-04:00,2026-07-16 11:57:00-04:00,271.92,271.48,-0.2218172336747693,33,stop,0.16181723367476933,True
ORLY,2026-07-16 11:33:00-04:00,2026-07-16 11:44:00-04:00,85.92,85.8,-0.19966550888834253,11,stop,0.13384685265539698,True
MCK,2026-07-16 12:00:00-04:00,2026-07-16 12:09:00-04:00,829.73,832.01,0.21478819057639728,9,target,0.09159606352546576,True
SPGI,2026-07-16 12:02:00-04:00,2026-07-16 12:07:00-04:00,451.25,452.42,0.19927653781327864,5,target,0.08642551260442621,True
MRK,2026-07-16 12:05:00-04:00,2026-07-16 12:14:00-04:00,128.04,127.86,-0.20057797128309862,9,stop,0.14057797128309862,True
SBUX,2026-07-16 12:18:00-04:00,2026-07-16 12:27:00-04:00,108.46,108.35,-0.16141650468893726,9,stop,0.10141650468893725,True
MCD,2026-07-16 12:32:00-04:00,2026-07-16 13:02:00-04:00,272.12,271.74,-0.19964248774178062,30,stop,0.12493636077533131,True
KO,2026-07-16 12:47:00-04:00,2026-07-16 12:50:00-04:00,84.445,84.345,-0.17841341056441337,3,stop,0.11841341056441339,True
UNP,2026-07-16 12:54:00-04:00,2026-07-16 12:55:00-04:00,298.65,298.34,-0.16379635000969944,1,stop,0.10379635000969943,True
TMUS,2026-07-16 13:06:00-04:00,2026-07-16 13:09:00-04:00,193.1575,192.83,-0.22955327721103716,3,stop,0.14366893057374974,True
ABBV,2026-07-16 13:50:00-04:00,2026-07-16 14:58:00-04:00,252.21,251.85,-0.20273674408095893,68,stop,0.14273674408095896,True
AAPL,2026-07-16 14:55:00-04:00,2026-07-16 15:06:00-04:00,333.11,334.2419,0.2797974823100036,11,target,0.11326582743666787,True
SPGI,2026-07-16 15:01:00-04:00,2026-07-16 15:02:00-04:00,456.16,456.02,-0.09068991561308436,1,stop,0.03068991561308436,True
MRK,2026-07-17 09:42:00-04:00,2026-07-17 11:50:00-04:00,130.27,129.7,-0.49754342289376674,128,stop,0.43754342289376674,True
BMY,2026-07-17 09:48:00-04:00,2026-07-17 10:03:00-04:00,62.06,61.895,-0.3258724779118819,15,stop,0.26587247791188195,True
FCX,2026-07-17 10:00:00-04:00,2026-07-17 11:55:00-04:00,58.035,58.89,1.4132654269955218,115,target,0.49108847566517394,True
BA,2026-07-17 10:08:00-04:00,2026-07-17 10:32:00-04:00,216.185,215.6,-0.33060269359488076,24,stop,0.27060269359488076,True
LITE,2026-07-17 10:10:00-04:00,2026-07-17 10:19:00-04:00,711.47,730.5089,2.615992135712102,9,target,0.8919973785707007,True
WELL,2026-07-17 10:51:00-04:00,2026-07-17 10:52:00-04:00,246.02,245.67,-0.20226560396291046,1,stop,0.14226560396291046,True
CEG,2026-07-17 11:33:00-04:00,2026-07-17 11:35:00-04:00,253.08,252.53,-0.2773281263506922,2,stop,0.21732812635069226,True
ASTS,2026-07-17 11:33:00-04:00,2026-07-17 11:53:00-04:00,58.47,59.37,1.4792446587699997,20,target,0.5130815529233332,True
AMD,2026-07-17 11:36:00-04:00,2026-07-17 11:54:00-04:00,489.74,495.6199,1.1406258801829479,18,target,0.4002086267276493,True
MRVL,2026-07-17 11:40:00-04:00,2026-07-17 11:42:00-04:00,186.7992,185.6874,-0.6551799662671434,2,stop,0.5951799662671434,True
SNDK,2026-07-17 11:43:00-04:00,2026-07-17 11:53:00-04:00,1439.765,1461.2835,1.434583909233258,10,target,0.49819463641108597,True
ETN,2026-07-17 11:43:00-04:00,2026-07-17 11:55:00-04:00,399.9899,402.4046,0.5436837630710973,12,target,0.2012279210236991,True
STX,2026-07-17 11:51:00-04:00,2026-07-17 11:51:00-04:00,760.47,757.75,-0.41767513885366986,0,stop,0.35767513885366986,True
ON,2026-07-17 11:58:00-04:00,2026-07-17 12:03:00-04:00,88.66,88.43,-0.3194169642615359,5,stop,0.2594169642615359,True
VRT,2026-07-17 11:58:00-04:00,2026-07-17 12:01:00-04:00,294.57,293.8,-0.3213979720887287,3,stop,0.2613979720887287,True
COHR,2026-07-17 11:58:00-04:00,2026-07-17 12:23:00-04:00,281.78,280.43,-0.5390924213571837,25,stop,0.4790924213571837,True
PWR,2026-07-17 11:58:00-04:00,2026-07-17 12:05:00-04:00,635.87,634.43,-0.2864587012013294,7,stop,0.22645870120132938,True
WDC,2026-07-17 11:58:00-04:00,2026-07-17 12:01:00-04:00,473.4781,478.3024,0.9589093542247024,3,target,0.3396364514082341,True
AMD,2026-07-17 11:58:00-04:00,2026-07-17 12:03:00-04:00,500.4799,498.0306,-0.549394527482117,5,stop,0.48939452748211704,True
APH,2026-07-17 11:58:00-04:00,2026-07-17 11:59:00-04:00,152.875,153.22,0.16567695811121175,1,target,0.07522565270373724,False
MS,2026-07-17 11:58:00-04:00,2026-07-17 12:02:00-04:00,217.745,217.53,-0.15874271446694715,4,stop,0.09874271446694717,False
FLEX,2026-07-17 11:59:00-04:00,2026-07-17 12:03:00-04:00,119.42,119.14,-0.2944637810748379,4,stop,0.2344637810748379,False
MU,2026-07-17 12:02:00-04:00,2026-07-17 12:06:00-04:00,887.15,882.18,-0.6202222989311186,4,stop,0.5602222989311186,True
AMAT,2026-07-17 12:13:00-04:00,2026-07-17 12:15:00-04:00,549.89,548.27,-0.3545999329961846,2,stop,0.2945999329961846,True
STX,2026-07-17 12:15:00-04:00,2026-07-17 12:21:00-04:00,781.18,777.76,-0.4977945484682961,6,stop,0.4377945484682962,True
FCX,2026-07-17 12:47:00-04:00,2026-07-17 13:17:00-04:00,58.96,59.2,0.3470626132418482,30,target,0.1356875377472827,True
NXPI,2026-07-17 12:48:00-04:00,2026-07-17 13:05:00-04:00,269.13,270.21,0.3412998517267226,16,target,0.13376661724224084,True
COIN,2026-07-17 12:49:00-04:00,2026-07-17 13:26:00-04:00,158.19,160.2,1.2106124170399541,37,target,0.4235374723466514,True
FLEX,2026-07-17 12:50:00-04:00,2026-07-17 13:01:00-04:00,119.31,119.88,0.41776161297413006,11,target,0.1592538709913767,True
NVDA,2026-07-17 12:54:00-04:00,2026-07-17 12:56:00-04:00,206.025,205.8,-0.16921093640152404,2,stop,0.10921093640152407,True
MRVL,2026-07-17 13:03:00-04:00,2026-07-17 13:38:00-04:00,192.86,192.21,-0.39703456509464097,35,stop,0.3370345650946409,True
INTC,2026-07-17 13:03:00-04:00,2026-07-17 13:16:00-04:00,96.6873,97.7292,1.0176007620082175,13,target,0.35920025400273914,True
LITE,2026-07-17 13:04:00-04:00,2026-07-17 13:06:00-04:00,736.38,740.5496,0.5062319954742106,2,target,0.18874399849140353,True
COHR,2026-07-17 13:04:00-04:00,2026-07-17 13:04:00-04:00,283.22,282.86,-0.18710837820490023,0,stop,0.12710837820490023,False
ON,2026-07-17 13:10:00-04:00,2026-07-17 13:11:00-04:00,89.9,89.74,-0.23797485065041157,1,stop,0.17797485065041158,True
MCHP,2026-07-17 13:10:00-04:00,2026-07-17 13:12:00-04:00,81.925,81.82,-0.1881648865416929,2,stop,0.1281648865416929,True
WDC,2026-07-17 13:11:00-04:00,2026-07-17 13:11:00-04:00,486.1,484.84,-0.3192039176851086,0,stop,0.2592039176851086,True
FIX,2026-07-17 13:16:00-04:00,2026-07-17 13:46:00-04:00,1678.6575,1669.03,-0.6335191424713437,30,stop,0.5735191424713437,True
CIEN,2026-07-17 13:19:00-04:00,2026-07-17 13:41:00-04:00,385.01,383.27,-0.5119391668601116,22,stop,0.44414494205507177,True
GEV,2026-07-17 13:35:00-04:00,2026-07-17 13:35:00-04:00,1068.5,1067.41,-0.1620080537845101,0,stop,0.10200805378451014,True
MCHP,2026-07-17 14:33:00-04:00,2026-07-17 14:34:00-04:00,80.955,80.76,-0.3008783305452721,1,stop,0.24087833054527213,True
NXPI,2026-07-17 14:57:00-04:00,2026-07-17 15:01:00-04:00,267.87,267.55,-0.17946002765997252,3,stop,0.07652875268003073,True
MPWR,2026-07-17 15:30:00-04:00,2026-07-17 15:39:00-04:00,1314.13,1309.6701,-0.39938357870389124,9,stop,0.33938357870389124,True
LITE,2026-07-20 10:30:00-04:00,2026-07-20 10:32:00-04:00,800.7245,795.5001,-0.7124599765374806,2,stop,0.6524599765374807,True
SCHW,2026-07-20 11:31:00-04:00,2026-07-20 11:46:00-04:00,101.785,102.1,0.24947315291625866,15,target,0.10315771763875288,True
CME,2026-07-20 11:46:00-04:00,2026-07-20 12:34:00-04:00,246.1,245.79,-0.18596232862481613,48,stop,0.12596232862481616,True
SHOP,2026-07-20 11:57:00-04:00,2026-07-20 11:59:00-04:00,127.79,127.55,-0.24780907973685462,2,stop,0.18780907973685462,True
SCHW,2026-07-20 12:32:00-04:00,2026-07-20 12:33:00-04:00,102.06,101.97,-0.14818311986389746,1,stop,0.08818311986389744,True
CME,2026-07-20 13:13:00-04:00,2026-07-20 13:16:00-04:00,246.375,246.145,-0.15335635057897587,3,stop,0.09335635057897587,True
RDDT,2026-07-20 13:57:00-04:00,2026-07-20 14:21:00-04:00,184.95,184.5,-0.3033132893376742,24,stop,0.24331328933767424,True
SHOP,2026-07-20 14:05:00-04:00,2026-07-20 14:06:00-04:00,126.935,126.86,-0.1190855976465452,1,stop,0.05908559764654519,True
SCHW,2026-07-20 14:52:00-04:00,2026-07-20 15:03:00-04:00,102.605,102.44,-0.22081503873872962,11,stop,0.16081503873872963,True
MSTR,2026-07-21 09:51:00-04:00,2026-07-21 10:41:00-04:00,103.36,102.28,-1.1048892942506825,50,stop,1.0448892942506827,True
ADBE,2026-07-21 10:31:00-04:00,2026-07-21 11:02:00-04:00,230.57,230.14,-0.2464959303736306,31,stop,0.18649593037363063,True
TER,2026-07-21 12:08:00-04:00,2026-07-21 12:14:00-04:00,374.25,373.78,-0.18557961301716525,6,stop,0.12557961301716525,True
TMO,2026-07-21 12:18:00-04:00,2026-07-21 12:20:00-04:00,516.635,519.617,0.5171960998214301,2,target,0.1923986999404767,True
DHR,2026-07-21 13:20:00-04:00,2026-07-21 13:24:00-04:00,176.12,176.96,0.4169381771501013,4,target,0.15897939238336709,True
SMCI,2026-07-22 10:47:00-04:00,2026-07-22 10:55:00-04:00,31.74,31.4215,-1.0634658652446802,8,stop,1.0034658652446804,True
TXN,2026-07-22 12:00:00-04:00,2026-07-22 12:01:00-04:00,296.1078,295.74,-0.18421779923979803,1,stop,0.10395243560272788,True
DELL,2026-07-22 12:08:00-04:00,2026-07-22 12:26:00-04:00,445.465,444.35,-0.3103005296292182,18,stop,0.2503005296292182,True
PM,2026-07-22 12:25:00-04:00,2026-07-22 12:35:00-04:00,195.4108,194.731,-0.40788521860804133,10,stop,0.34788521860804134,True
TXN,2026-07-23 10:40:00-04:00,2026-07-23 10:40:00-04:00,284.47,283.77,-0.30606907470300626,0,stop,0.2460690747030063,True
GEV,2026-07-23 10:40:00-04:00,2026-07-23 10:42:00-04:00,1021.99,1018.69,-0.3829032665714452,2,stop,0.32290326657144525,True
SMCI,2026-07-23 12:37:00-04:00,2026-07-23 12:45:00-04:00,32.44,32.255,-0.6302864173457575,8,stop,0.5702864173457576,True
GEV,2026-07-23 13:03:00-04:00,2026-07-23 13:03:00-04:00,1029.23,1027.95,-0.18436671643270844,0,stop,0.12436671643270845,True
WMT,2026-07-23 13:08:00-04:00,2026-07-23 13:15:00-04:00,108.085,108.03,-0.11088220776949227,7,stop,0.05088220776949228,True
AMGN,2026-07-23 13:13:00-04:00,2026-07-23 13:13:00-04:00,368.11,367.8,-0.1442106449985832,0,stop,0.0842106449985832,True
AMGN,2026-07-23 14:03:00-04:00,2026-07-23 14:54:00-04:00,368.265,369.1801,0.18847331318633045,51,target,0.0828244377287768,True
BSX,2026-07-23 14:05:00-04:00,2026-07-23 14:09:00-04:00,43.285,43.23,-0.18706444605118588,4,stop,0.12706444605118591,True
NOW,2026-07-24 10:22:00-04:00,2026-07-24 10:23:00-04:00,96.81,96.425,-0.45769185107683147,1,stop,0.3976918510768315,True
RCL,2026-07-24 11:00:00-04:00,2026-07-24 11:00:00-04:00,291.17,290.58,-0.26263327842774997,0,stop,0.20263327842774995,True
NEM,2026-07-24 11:17:00-04:00,2026-07-24 12:30:00-04:00,94.76,94.42,-0.4188008598820483,73,stop,0.3588008598820483,True
CMCSA,2026-07-24 11:18:00-04:00,2026-07-24 11:18:00-04:00,22.475,22.43,-0.26022077074422206,0,stop,0.20022077074422207,True
DASH,2026-07-24 11:18:00-04:00,2026-07-24 11:47:00-04:00,173.94,173.13,-0.5256795678904641,28,stop,0.46567956789046416,True
RCL,2026-07-24 11:38:00-04:00,2026-07-24 11:43:00-04:00,299.86,298.07,-0.6569517424181082,5,stop,0.5969517424181081,True
DASH,2026-07-24 12:15:00-04:00,2026-07-24 12:15:00-04:00,173.62,173.33,-0.2270339082141604,0,stop,0.1670339082141604,True
NOW,2026-07-24 12:29:00-04:00,2026-07-24 12:30:00-04:00,97.8057,97.71,-0.15784588471572542,1,stop,0.09784588471572542,True
AMGN,2026-07-24 12:59:00-04:00,2026-07-24 13:01:00-04:00,377.5,377.17,-0.1474191587334413,2,stop,0.0874191587334413,True
HD,2026-07-24 13:32:00-04:00,2026-07-24 14:32:00-04:00,330.7289,330.44,-0.14735255240568776,60,stop,0.08735255240568778,True
DASH,2026-07-24 13:32:00-04:00,2026-07-24 13:37:00-04:00,173.835,173.66,-0.16067508738900352,5,stop,0.1006750873890035,True
NOW,2026-07-24 14:00:00-04:00,2026-07-24 14:03:00-04:00,97.81,97.63,-0.2440340011175884,3,stop,0.1840340011175884,True
TMUS,2026-07-24 14:04:00-04:00,2026-07-24 14:11:00-04:00,179.58,180.0601,0.207314804395659,7,target,0.089104934798553,True
CMCSA,2026-07-24 14:09:00-04:00,2026-07-24 14:10:00-04:00,22.3,22.25,-0.28421831655933155,1,stop,0.22421831655933155,True
VZ,2026-07-24 14:09:00-04:00,2026-07-24 15:06:00-04:00,45.765,45.99,0.43164407358463147,57,target,0.1638813578615438,True
CMCSA,2026-07-24 15:19:00-04:00,2026-07-24 15:29:00-04:00,22.43,22.35,-0.41666279835164427,10,stop,0.3566627983516443,True
MCD,2026-07-27 10:43:00-04:00,2026-07-27 10:45:00-04:00,271.01,270.73,-0.16332082418544772,2,stop,0.1033208241854477,True
ADBE,2026-07-27 12:28:00-04:00,2026-07-27 13:21:00-04:00,238.69,240.1597,0.5557288837556404,53,target,0.20524296125188016,True
SHOP,2026-07-27 12:29:00-04:00,2026-07-27 12:36:00-04:00,124.655,125.36,0.505557281510627,7,target,0.18851909383687565,True
UBER,2026-07-27 12:32:00-04:00,2026-07-27 12:52:00-04:00,67.97,67.81,-0.2953970748912348,20,stop,0.23539707489123482,True
CDNS,2026-07-27 12:43:00-04:00,2026-07-27 12:50:00-04:00,341.52,341.07,-0.19177066657622616,7,stop,0.1317706665762262,True
COST,2026-07-27 13:10:00-04:00,2026-07-27 13:29:00-04:00,950.42,949.51,-0.15574329194131226,19,stop,0.09574329194131224,True
SPGI,2026-07-27 13:19:00-04:00,2026-07-27 13:29:00-04:00,440.83,440.47,-0.1416633014788939,10,stop,0.0816633014788939,True
CMCSA,2026-07-27 13:20:00-04:00,2026-07-27 13:42:00-04:00,23.24,23.2,-0.23211901270040153,22,stop,0.1721190127004015,True
VZ,2026-07-27 13:24:00-04:00,2026-07-27 13:36:00-04:00,47.5399,47.47,-0.2070345026471211,12,stop,0.1470345026471211,True
KO,2026-07-27 14:20:00-04:00,2026-07-27 14:57:00-04:00,84.015,83.95,-0.13736495991217618,37,stop,0.07736495991217618,True
CVNA,2026-07-27 14:43:00-04:00,2026-07-27 15:04:00-04:00,63.815,63.7,-0.24021032696570202,21,stop,0.18021032696570202,True
SHOP,2026-07-27 14:44:00-04:00,2026-07-27 15:10:00-04:00,124.91,125.78,0.6365117338523076,26,target,0.23217057795076923,True
PFE,2026-07-28 10:17:00-04:00,2026-07-28 10:39:00-04:00,25.44,25.3737,-0.3206091977892201,22,stop,0.2606091977892201,True
BKNG,2026-07-28 10:23:00-04:00,2026-07-28 10:40:00-04:00,194.9,195.9035,0.45487773588715874,17,target,0.17162591196238622,True
ADBE,2026-07-28 10:23:00-04:00,2026-07-28 10:53:00-04:00,249.9,249.1245,-0.3703213949405895,30,stop,0.3103213949405896,True
NOW,2026-07-28 10:24:00-04:00,2026-07-28 10:59:00-04:00,109.83,109.3982,-0.4531518700317462,35,stop,0.39315187003174623,True
CRM,2026-07-28 10:44:00-04:00,2026-07-28 10:51:00-04:00,182.42,181.89,-0.350543665708231,7,stop,0.29054366570823104,True
LLY,2026-07-28 10:56:00-04:00,2026-07-28 11:03:00-04:00,1230.8079,1229.0245,-0.2048890386747688,7,stop,0.14488903867476882,True
SPGI,2026-07-28 11:11:00-04:00,2026-07-28 11:27:00-04:00,426.77,430.8201,0.8890009084179594,16,target,0.3163336361393198,True
SHOP,2026-07-28 11:14:00-04:00,2026-07-28 11:48:00-04:00,131.8399,131.4399,-0.36339783689085237,34,stop,0.27297467607498777,True
CRM,2026-07-28 11:22:00-04:00,2026-07-28 11:42:00-04:00,184.0699,183.305,-0.4755505813257481,20,stop,0.4155505813257482,True
CDNS,2026-07-28 11:26:00-04:00,2026-07-28 11:52:00-04:00,351.55,349.6001,-0.6146582493675844,26,stop,0.5546582493675843,True
BA,2026-07-28 11:37:00-04:00,2026-07-28 11:41:00-04:00,220.53,219.87,-0.3592787270946595,4,stop,0.2992787270946595,True
ABBV,2026-07-28 12:08:00-04:00,2026-07-28 12:18:00-04:00,265.08,264.895,-0.1297934735966614,10,stop,0.06979347359666144,True
BA,2026-07-28 12:10:00-04:00,2026-07-28 12:13:00-04:00,221.98,221.6001,-0.23113627938363102,3,stop,0.171136279383631,True
SHOP,2026-07-28 12:18:00-04:00,2026-07-28 12:46:00-04:00,132.34,133.225,0.6087527985303223,28,target,0.22291759951010742,True
BLK,2026-07-28 12:28:00-04:00,2026-07-28 12:35:00-04:00,1097.41,1096.345,-0.15705068494167784,7,stop,0.09705068494167786,True
NOW,2026-07-28 12:41:00-04:00,2026-07-28 12:52:00-04:00,111.07,111.67,0.4802007101070211,11,target,0.18006690336900702,True
NOW,2026-07-28 13:41:00-04:00,2026-07-28 14:03:00-04:00,112.01,111.6702,-0.3633669588129778,22,stop,0.3033669588129778,True
BRK-B,2026-07-28 13:48:00-04:00,2026-07-28 14:07:00-04:00,510.08,511.025,0.12527295122986087,19,target,0.06175765040995362,True
ABBV,2026-07-28 14:04:00-04:00,2026-07-28 14:11:00-04:00,266.0762,265.72,-0.1938645284677383,7,stop,0.13386452846773828,True
ANET,2026-07-28 14:11:00-04:00,2026-07-28 15:55:00-04:00,168.49,169.01,0.248622940520315,104,eod,0.54602286177991,True
BRK-B,2026-07-28 14:14:00-04:00,2026-07-28 14:15:00-04:00,511.55,511.26,-0.11669426769729271,1,stop,0.05669426769729272,True
MCK,2026-07-28 14:30:00-04:00,2026-07-28 14:36:00-04:00,888.32,887.58,-0.14330001634080888,6,stop,0.0833000163408089,True
CDNS,2026-07-28 15:04:00-04:00,2026-07-28 15:04:00-04:00,346.42,346.08,-0.1581516877386389,0,stop,0.09815168773863893,True
AVGO,2026-07-28 15:25:00-04:00,2026-07-28 15:26:00-04:00,384.8646,384.4,-0.1807205283341207,1,stop,0.12072052833412068,True
AVGO,2026-07-28 15:28:00-04:00,2026-07-28 15:35:00-04:00,384.41,383.93,-0.18486699516931138,7,stop,0.1248669951693114,True
MPWR,2026-07-29 09:38:00-04:00,2026-07-29 09:38:00-04:00,1309.605,1304.22,-0.47119195137781034,0,stop,0.4111919513778104,True
FLEX,2026-07-29 10:14:00-04:00,2026-07-29 10:14:00-04:00,107.34,106.96,-0.4140158411303792,0,stop,0.3540158411303792,True
HLT,2026-07-29 10:40:00-04:00,2026-07-29 10:41:00-04:00,321.69,321.16,-0.22474844108097639,1,stop,0.16474844108097642,True
RCL,2026-07-29 11:33:00-04:00,2026-07-29 11:40:00-04:00,324.36,323.87,-0.2110670894939892,7,stop,0.15106708949398923,True
DDOG,2026-07-29 14:02:00-04:00,2026-07-29 14:47:00-04:00,268.55,273.23,1.6826786786950487,45,target,0.5808928928983496,True
MPWR,2026-07-29 14:02:00-04:00,2026-07-29 14:28:00-04:00,1294.79,1275.3682,-1.5600000000000085,26,stop,1.5000000000000087,True
SNOW,2026-07-29 14:03:00-04:00,2026-07-29 14:04:00-04:00,290.83,289.9001,-0.3797442100045444,1,stop,0.3197442100045444,True
INTU,2026-07-29 14:04:00-04:00,2026-07-29 14:04:00-04:00,333.885,333.52,-0.16931944253353903,0,stop,0.10931944253353904,True
INTU,2026-07-29 14:33:00-04:00,2026-07-29 14:33:00-04:00,336.005,335.51,-0.20732105495722317,0,stop,0.14732105495722317,True
NOW,2026-07-29 14:33:00-04:00,2026-07-29 14:44:00-04:00,116.94,117.96,0.8122413902948669,11,target,0.290747130098289,True
CRM,2026-07-29 14:33:00-04:00,2026-07-29 15:00:00-04:00,189.3,188.93,-0.25545726592005863,27,stop,0.19545726592005866,True
BKNG,2026-07-29 14:33:00-04:00,2026-07-29 15:01:00-04:00,203.95,203.65,-0.20709427590374502,28,stop,0.14709427590374502,True
ACN,2026-07-29 14:41:00-04:00,2026-07-29 14:42:00-04:00,175.3868,175.005,-0.27768779924463655,1,stop,0.21768779924463658,True
FTNT,2026-07-29 14:43:00-04:00,2026-07-29 14:54:00-04:00,151.42,153.34,1.2080168283538963,11,target,0.4226722761179655,True
FLEX,2026-07-29 14:43:00-04:00,2026-07-29 15:01:00-04:00,104.7999,106.9593,2.000478445046334,18,target,0.6868261483487781,True
CVNA,2026-07-29 14:46:00-04:00,2026-07-29 15:04:00-04:00,68.96,68.79,-0.30651088168111995,18,stop,0.24651088168111993,True
MPWR,2026-07-29 14:52:00-04:00,2026-07-29 15:07:00-04:00,1315.3101,1309.115,-0.5309968055743748,15,stop,0.4287966054819381,True
GLW,2026-07-29 14:56:00-04:00,2026-07-29 15:07:00-04:00,129.8,129.19,-0.5299509779988377,11,stop,0.4699509779988377,True
FTNT,2026-07-29 15:17:00-04:00,2026-07-29 15:50:00-04:00,153.35,152.27,-0.7642696996314696,33,stop,0.7042696996314696,True
DDOG,2026-07-30 09:55:00-04:00,2026-07-30 10:05:00-04:00,269.2,267.24,-0.788091338699076,10,stop,0.5943635894927904,True
MSFT,2026-07-30 10:30:00-04:00,2026-07-30 10:58:00-04:00,450.3,446.99,-0.7950673955387347,28,stop,0.7350673955387347,True
AMAT,2026-07-30 10:31:00-04:00,2026-07-30 10:44:00-04:00,506.475,503.35,-0.6770118977094145,13,stop,0.6170118977094146,True
CEG,2026-07-30 10:33:00-04:00,2026-07-30 10:46:00-04:00,269.69,268.84,-0.37517171394915366,13,stop,0.3151717139491537,True
VLO,2026-07-30 10:58:00-04:00,2026-07-30 10:58:00-04:00,309.45,308.89,-0.24097214039603818,0,stop,0.18097214039603818,True
NET,2026-07-30 11:24:00-04:00,2026-07-30 11:27:00-04:00,282.965,282.105,-0.3639193407991655,3,stop,0.16786399167316765,True
FLEX,2026-07-30 11:44:00-04:00,2026-07-30 11:44:00-04:00,109.18,108.975,-0.2477630465755784,0,stop,0.18776304657557844,True
FLEX,2026-07-30 11:49:00-04:00,2026-07-30 11:52:00-04:00,109.66,109.1962,-0.4829453523884632,3,stop,0.42294535238846326,True
MSFT,2026-07-30 12:06:00-04:00,2026-07-30 12:10:00-04:00,452.29,454.33,0.3910404810705379,4,target,0.15034682702351262,True
ORCL,2026-07-30 12:15:00-04:00,2026-07-30 12:21:00-04:00,126.27,125.76,-0.4639007559482234,6,stop,0.4039007559482234,True
FLEX,2026-07-30 12:20:00-04:00,2026-07-30 12:33:00-04:00,110.165,109.645,-0.5320192490917841,13,stop,0.47201924909178405,True
APP,2026-07-30 12:55:00-04:00,2026-07-30 13:24:00-04:00,401.95,405.67,0.8654891502710215,29,target,0.3084963834236738,True
WDC,2026-07-30 13:19:00-04:00,2026-07-30 13:26:00-04:00,530.01,527.5401,-0.5260082143202452,7,stop,0.46600821432024525,True
SNDK,2026-07-30 13:19:00-04:00,2026-07-30 13:22:00-04:00,1270.46,1263.9901,-0.5692509288147727,3,stop,0.5092509288147727,True
GS,2026-07-30 13:23:00-04:00,2026-07-30 13:34:00-04:00,1024.12,1022.74,-0.19474840558733525,11,stop,0.13474840558733525,True
ORCL,2026-07-30 13:24:00-04:00,2026-07-30 13:36:00-04:00,126.71,127.3457,0.4416838521507433,12,target,0.16722795071691443,True
MSFT,2026-07-30 13:30:00-04:00,2026-07-30 13:35:00-04:00,456.11,456.9801,0.13075630486222722,5,target,0.06358543495407575,True
GS,2026-07-30 14:43:00-04:00,2026-07-30 15:01:00-04:00,1023.86,1027.0549,0.25204938240117075,18,target,0.10401646080039025,True
AMD,2026-07-30 15:09:00-04:00,2026-07-30 15:21:00-04:00,489.97,488.99,-0.26001050516742824,12,stop,0.20001050516742827,True
QCOM,2026-07-30 15:09:00-04:00,2026-07-30 15:15:00-04:00,151.56,151.25,-0.26454147317992327,6,stop,0.20454147317992327,True
TER,2026-07-30 15:10:00-04:00,2026-07-30 15:24:00-04:00,366.45,365.11,-0.4256726198092994,14,stop,0.3656726198092994,True
SNDK,2026-07-30 15:10:00-04:00,2026-07-30 15:12:00-04:00,1272.6599,1267.71,-0.4489437886358415,2,stop,0.3889437886358415,True
APP,2026-07-30 15:19:00-04:00,2026-07-30 15:55:00-04:00,401.85,402.45,0.08931339420397012,36,eod,0.405620347497012,True
AMZN,2026-07-31 11:53:00-04:00,2026-07-31 12:16:00-04:00,268.68,271.1701,0.8667843174294455,23,target,0.30892810580981517,True
GOOGL,2026-07-31 12:24:00-04:00,2026-07-31 12:30:00-04:00,353.64,354.54,0.19449505866532463,6,target,0.08483168622177487,True
LIN,2026-07-31 12:24:00-04:00,2026-07-31 13:17:00-04:00,479.46,477.635,-0.44064137715228485,53,stop,0.38064137715228485,True
GOOG,2026-07-31 12:24:00-04:00,2026-07-31 12:36:00-04:00,353.48,353.1101,-0.16464935767335462,12,stop,0.1046493576733546,True
MA,2026-07-31 13:13:00-04:00,2026-07-31 13:17:00-04:00,574.245,573.93,-0.11485166056145774,4,stop,0.054851660561457745,True
META,2026-07-31 15:03:00-04:00,2026-07-31 15:55:00-04:00,552.155,556.5084,0.7284386026243709,52,eod,0.2834428539001819,True
ANET,2026-08-03 10:33:00-04:00,2026-08-03 10:44:00-04:00,180.0298,179.16,-0.5431465183611361,11,stop,0.48314651836113615,True
ORCL,2026-08-03 10:39:00-04:00,2026-08-03 10:58:00-04:00,136.76,136.27,-0.41829279080367565,19,stop,0.35829279080367565,True
CSCO,2026-08-03 10:54:00-04:00,2026-08-03 10:54:00-04:00,115.8,115.605,-0.22839641642150907,0,stop,0.16839641642150904,True
GOOG,2026-08-03 11:10:00-04:00,2026-08-03 11:24:00-04:00,369.56,371.78,0.5407153738063735,14,target,0.20023845793545783,True
CRWD,2026-08-03 11:14:00-04:00,2026-08-03 11:18:00-04:00,197.51,196.87,-0.3840317539301715,4,stop,0.32403175393017153,True
GOOG,2026-08-03 11:27:00-04:00,2026-08-03 11:35:00-04:00,372.0989,373.4456,0.30191510837894564,8,target,0.12063836945964854,True
GOOGL,2026-08-03 11:46:00-04:00,2026-08-03 11:57:00-04:00,375.4,374.55,-0.286429690110634,11,stop,0.22642969011063405,True
QCOM,2026-08-03 11:57:00-04:00,2026-08-03 12:12:00-04:00,149.325,149.16,-0.170500096945028,15,stop,0.11050009694502799,True
ANET,2026-08-03 11:58:00-04:00,2026-08-03 11:58:00-04:00,181.305,181.59,0.09718863109385718,0,target,0.052396210364619056,True
BA,2026-08-03 12:34:00-04:00,2026-08-03 13:14:00-04:00,227.83,229.48,0.6642426639216262,40,target,0.24141422130720874,True
MSFT,2026-08-03 13:21:00-04:00,2026-08-03 13:40:00-04:00,489.3,488.71,-0.18058191578072783,19,stop,0.12058191578072784,True
BA,2026-08-03 13:35:00-04:00,2026-08-03 14:29:00-04:00,230.12,231.575,0.5722740352045568,54,target,0.21075801173485226,True
HPE,2026-08-03 13:49:00-04:00,2026-08-03 13:53:00-04:00,49.8399,49.9896,0.24035934061945927,4,target,0.10011978020648642,True
ETN,2026-08-03 13:50:00-04:00,2026-08-03 15:15:00-04:00,434.45,433.68,-0.23723782805605106,85,stop,0.17723782805605107,True
GOOG,2026-08-03 13:52:00-04:00,2026-08-03 13:54:00-04:00,373.96,373.555,-0.16830296085260602,2,stop,0.10830296085260604,True
QCOM,2026-08-03 14:07:00-04:00,2026-08-03 14:08:00-04:00,150.61,150.46,-0.15959821840082927,1,stop,0.09959821840082929,True
BA,2026-08-03 14:38:00-04:00,2026-08-03 14:45:00-04:00,232.11,232.8,0.23728151456502705,7,target,0.09909383818834235,True
CRWD,2026-08-03 14:56:00-04:00,2026-08-03 15:07:00-04:00,202.28,202.04,-0.1786480203845741,11,stop,0.1186480203845741,True
ORCL,2026-08-03 15:19:00-04:00,2026-08-03 15:30:00-04:00,140.39,142.31,1.3076409011683825,11,target,0.4558803003894608,True
CRWD,2026-08-03 15:19:00-04:00,2026-08-03 15:24:00-04:00,202.44,201.99,-0.28228447543066243,5,stop,0.22228447543066246,True
MSFT,2026-08-03 15:26:00-04:00,2026-08-03 15:26:00-04:00,490.02,489.55,-0.15591694168898065,0,stop,0.09591694168898066,True
NET,2026-08-04 09:43:00-04:00,2026-08-04 09:44:00-04:00,290.73,289.145,-0.60518021351467,1,stop,0.5451802135146699,True
MRK,2026-08-04 09:58:00-04:00,2026-08-04 10:06:00-04:00,129.595,129.07,-0.4651119685279543,8,stop,0.4051119685279543,True
NET,2026-08-04 10:11:00-04:00,2026-08-04 10:33:00-04:00,295.865,298.6985,0.8976997718351802,22,target,0.3192332572783934,True
SHOP,2026-08-04 10:45:00-04:00,2026-08-04 10:46:00-04:00,120.25,120.08,-0.2013734128058032,1,stop,0.14137341280580323,True
VLO,2026-08-04 10:58:00-04:00,2026-08-04 11:03:00-04:00,310.46,310.0,-0.20816801627240733,5,stop,0.14816801627240733,True
MRVL,2026-08-04 11:23:00-04:00,2026-08-04 11:23:00-04:00,218.06,217.5,-0.3168139672954767,0,stop,0.25681396729547673,True
ROKU,2026-08-04 11:42:00-04:00,2026-08-04 11:44:00-04:00,146.425,146.35,-0.11121576180282741,2,stop,0.051215761802827414,True
PFE,2026-08-04 11:47:00-04:00,2026-08-04 11:55:00-04:00,25.39,25.51,0.41260990630731287,8,target,0.15753663543577096,True
PFE,2026-08-04 12:02:00-04:00,2026-08-04 12:12:00-04:00,25.61,25.545,-0.3138074007253027,10,stop,0.2538074007253028,True
ORCL,2026-08-04 12:11:00-04:00,2026-08-04 12:21:00-04:00,146.61,147.18,0.32881403688134847,10,target,0.1296046789604495,True
ANET,2026-08-04 12:19:00-04:00,2026-08-04 13:09:00-04:00,193.9787,193.575,-0.2681143450160358,50,stop,0.20811434501603582,True
MRVL,2026-08-04 12:22:00-04:00,2026-08-04 12:25:00-04:00,220.39,219.65,-0.3957689569890368,3,stop,0.3357689569890368,True
PANW,2026-08-04 12:27:00-04:00,2026-08-04 12:29:00-04:00,361.0,360.29,-0.256676581887238,2,stop,0.19667658188723802,True
BMY,2026-08-04 12:43:00-04:00,2026-08-04 15:55:00-04:00,65.57,66.09,0.7330437679705506,192,eod,0.5795342755838931,True
AMZN,2026-08-04 13:23:00-04:00,2026-08-04 13:25:00-04:00,279.21,278.895,-0.17282311305540782,2,stop,0.1128231130554078,True
ARM,2026-08-04 13:29:00-04:00,2026-08-04 13:35:00-04:00,278.15,279.6801,0.490085268840706,6,target,0.18336175628023532,True
IONQ,2026-08-04 13:45:00-04:00,2026-08-04 13:51:00-04:00,41.67,41.545,-0.359974904473361,6,stop,0.299974904473361,True
PLTR,2026-08-04 13:50:00-04:00,2026-08-04 13:50:00-04:00,164.08,163.8131,-0.22266604943093432,0,stop,0.16266604943093432,True
PANW,2026-08-04 14:02:00-04:00,2026-08-04 14:33:00-04:00,360.14,361.64,0.35651383868682485,31,target,0.13883794622894158,True
MS,2026-08-04 14:31:00-04:00,2026-08-04 15:17:00-04:00,218.0751,217.8,-0.18614757169576104,46,stop,0.12614757169576105,True
ARM,2026-08-04 15:03:00-04:00,2026-08-04 15:05:00-04:00,282.47,281.79,-0.30073828186910684,2,stop,0.24073828186910687,True
ASTS,2026-08-04 15:03:00-04:00,2026-08-04 15:03:00-04:00,70.9576,70.865,-0.1905023234141172,0,stop,0.1305023234141172,True
GILD,2026-08-04 15:09:00-04:00,2026-08-04 15:12:00-04:00,133.07,132.955,-0.14642159976930125,3,stop,0.08642159976930124,True
PANW,2026-08-04 15:16:00-04:00,2026-08-04 15:55:00-04:00,363.87,366.0,0.5253779465705423,39,eod,0.3682570315179894,True
UNH,2026-08-05 11:41:00-04:00,2026-08-05 11:41:00-04:00,412.01,411.81,-0.108540733424245,0,stop,0.048540733424244996,True
AMGN,2026-08-05 11:53:00-04:00,2026-08-05 12:07:00-04:00,407.23,409.69,0.5440722371957535,14,target,0.20135741239858448,True
NEM,2026-08-05 12:25:00-04:00,2026-08-05 12:33:00-04:00,105.1275,104.92,-0.25737937209355893,8,stop,0.19737937209355894,True
CVS,2026-08-05 13:55:00-04:00,2026-08-05 13:55:00-04:00,99.49,99.39,-0.16051445138254533,0,stop,0.10051445138254532,True
NVDA,2026-08-05 15:04:00-04:00,2026-08-05 15:11:00-04:00,221.93,221.7402,-0.14552237473682839,7,stop,0.0855223747368284,True
WDC,2026-08-06 10:11:00-04:00,2026-08-06 10:15:00-04:00,462.01,459.0002,-0.7114593036744294,4,stop,0.6514593036744295,True
WDC,2026-08-06 11:13:00-04:00,2026-08-06 11:19:00-04:00,473.61,471.11,-0.5878627888156751,6,stop,0.5278627888156752,True
WDC,2026-08-06 14:19:00-04:00,2026-08-06 14:27:00-04:00,463.75,460.58,-0.743556649754811,8,stop,0.683556649754811,True
DASH,2026-08-07 10:23:00-04:00,2026-08-07 10:26:00-04:00,221.43,220.83,-0.3309643488852629,3,stop,0.2709643488852629,True
MSTR,2026-08-07 10:31:00-04:00,2026-08-07 10:38:00-04:00,103.83,105.42,1.471355497799059,7,target,0.5104518325996863,True
IONQ,2026-08-07 11:36:00-04:00,2026-08-07 11:36:00-04:00,43.18,43.04,-0.38422171797461463,0,stop,0.3242217179746147,True
COHR,2026-08-07 12:02:00-04:00,2026-08-07 12:20:00-04:00,386.68,391.09,1.0804713067045002,18,target,0.38015710223483334,True
UBER,2026-08-07 12:12:00-04:00,2026-08-07 14:28:00-04:00,74.765,74.43,-0.5080636986800856,136,stop,0.4480636986800856,True
PLTR,2026-08-07 12:23:00-04:00,2026-08-07 12:25:00-04:00,170.39,169.96,-0.31236436984968474,2,stop,0.25236436984968474,True
RKLB,2026-08-07 13:11:00-04:00,2026-08-07 13:13:00-04:00,82.39,82.165,-0.33308695884353373,2,stop,0.24274828479557256,True
MCK,2026-08-07 13:50:00-04:00,2026-08-07 14:10:00-04:00,883.42,885.5648,0.18278813388754356,17,target,0.08092937796251451,True
AZO,2026-08-07 15:01:00-04:00,2026-08-07 15:19:00-04:00,3092.925,3101.4299,0.21497673274775572,17,target,0.09165891091591856,True
IONQ,2026-08-07 15:03:00-04:00,2026-08-07 15:29:00-04:00,43.69,44.35,1.4506483959904197,26,target,0.5035494653301399,True
COHR,2026-08-07 15:04:00-04:00,2026-08-07 15:04:00-04:00,378.29,377.71,-0.2133208809287384,0,stop,0.15332088092873844,True
WFC,2026-08-10 10:51:00-04:00,2026-08-10 10:58:00-04:00,87.68,87.56,-0.19685957644511595,7,stop,0.13685957644511595,True
PFE,2026-08-10 10:55:00-04:00,2026-08-10 11:10:00-04:00,26.989,26.95,-0.2045070471220908,15,stop,0.14450704712209084,True
NET,2026-08-10 13:13:00-04:00,2026-08-10 13:18:00-04:00,303.37,305.575,0.6668316313878425,5,target,0.24227721046261416,True
CRWD,2026-08-10 13:16:00-04:00,2026-08-10 13:54:00-04:00,226.16,225.88,-0.18380372939171352,38,stop,0.12380372939171351,True
NET,2026-08-10 14:23:00-04:00,2026-08-10 14:51:00-04:00,304.62,308.8499,1.328599762322316,28,target,0.46286658744077197,True
NEM,2026-08-10 14:34:00-04:00,2026-08-10 15:15:00-04:00,116.29,116.8297,0.4040902548998258,41,target,0.15469675163327526,True
DDOG,2026-08-10 15:10:00-04:00,2026-08-10 15:50:00-04:00,258.38,260.4499,0.7411257719584197,40,target,0.2670419239861399,True
