timeframe,require_above_vwap,momentum_mode,momentum_lookback,momentum_min_gain_atr,hod_dist_atr,hod_day_gain_atr,relvol_min,pullback_def,min_pullback_bars,max_pullback_bars,pullback_hold_ema,max_retrace_atr,market_filter,in_play_filter,in_play_gain_adr,in_play_relvol,rsi_filter,rsi_min,rsi_max,macd_filter,macd_rising,stop_mode,stop_atr_mult,stop_pct,stop_cap_pct,target_mode,target_rr,target_pct,trail_mode,trail_atr_mult,trail_pct,trail_activate_rr,entry_start_min,entry_end_min,eod_exit_min,intrabar,sizing_mode,risk_per_trade_pct,pos_leverage_cap,max_concurrent,train_ret,train_pf,train_n,val_ret,val_pf,val_n,robust,combo_score
5m,True,either,4,1.0,1.0,2.0,1.0,red_or_lh,1,3,False,99.0,False,True,0.5,1.2,False,50.0,80.0,False,False,pullback_low,1.0,0.5,1.5,rr,1.5,1.0,none,1.5,0.4,1.0,575,690,955,pessimistic,risk,1.0,2.0,4,4.0084465743090325,1.1079247994936097,108,0.546494559126165,1.017453207327141,29,False,1.09298911825233
5m,True,either,4,1.5,1.0,2.0,1.0,red_or_lh,1,3,False,99.0,False,True,0.5,1.2,False,50.0,80.0,False,False,pullback_low,1.0,0.5,1.5,rr,1.5,1.0,none,1.5,0.4,1.0,575,690,955,pessimistic,risk,1.0,2.0,4,6.255971601445465,1.150034254913377,106,0.546494559126165,1.017453207327141,29,False,1.09298911825233
5m,True,either,4,1.0,1.0,2.0,1.0,red_or_lh,1,3,False,99.0,False,True,0.5,1.2,False,50.0,80.0,False,False,pullback_low,1.0,0.5,1.5,rr,1.2,1.0,none,1.5,0.4,1.0,575,690,955,pessimistic,risk,1.0,2.0,4,3.440109101818445,1.1326887658977203,112,-0.8188249951383009,0.9907013332414454,29,False,-1.6376499902766017
5m,True,either,4,1.5,1.0,2.0,1.0,red_or_lh,1,3,False,99.0,False,True,0.5,1.2,False,50.0,80.0,False,False,pullback_low,1.0,0.5,1.5,rr,1.2,1.0,none,1.5,0.4,1.0,575,690,955,pessimistic,risk,1.0,2.0,4,4.576329218920461,1.1474126097520743,111,-0.8188249951383009,0.9907013332414454,29,False,-1.6376499902766017
5m,True,either,4,1.0,1.0,2.0,1.3,red_or_lh,1,3,False,99.0,False,True,0.5,1.2,False,50.0,80.0,False,False,pullback_low,1.0,0.5,1.5,rr,1.2,1.0,none,1.5,0.4,1.0,575,690,955,pessimistic,risk,1.0,2.0,4,7.210422588428966,1.286422046817,62,-1.2252157164039934,1.0963498959228268,18,False,-2.450431432807987
5m,True,either,4,1.5,1.0,2.0,1.3,red_or_lh,1,3,False,99.0,False,True,0.5,1.2,False,50.0,80.0,False,False,pullback_low,1.0,0.5,1.5,rr,1.2,1.0,none,1.5,0.4,1.0,575,690,955,pessimistic,risk,1.0,2.0,4,7.210422588428966,1.286422046817,62,-1.2252157164039934,1.0963498959228268,18,False,-2.450431432807987
5m,True,either,4,1.0,1.0,2.0,1.3,red_or_lh,1,3,False,99.0,False,True,0.5,1.2,False,50.0,80.0,False,False,pullback_low,1.0,0.5,1.5,rr,1.5,1.0,none,1.5,0.4,1.0,575,690,955,pessimistic,risk,1.0,2.0,4,10.737566150404799,1.3221348180395007,61,-1.3490291563801549,0.9961739396299145,18,False,-2.6980583127603097
5m,True,either,4,1.5,1.0,2.0,1.3,red_or_lh,1,3,False,99.0,False,True,0.5,1.2,False,50.0,80.0,False,False,pullback_low,1.0,0.5,1.5,rr,1.5,1.0,none,1.5,0.4,1.0,575,690,955,pessimistic,risk,1.0,2.0,4,10.737566150404799,1.3221348180395007,61,-1.3490291563801549,0.9961739396299145,18,False,-2.6980583127603097
5m,True,either,4,1.5,1.0,2.0,1.3,red_or_lh,1,3,False,99.0,False,True,0.3,1.2,False,50.0,80.0,False,False,pullback_low,1.0,0.5,1.5,rr,1.5,1.0,none,1.5,0.4,1.0,575,690,955,pessimistic,risk,1.0,2.0,4,14.46683180595083,1.3967965426902627,69,-1.8298403941978347,0.925522656991997,23,False,-3.6596807883956695
5m,True,either,4,1.5,1.0,2.0,1.3,red_or_lh,1,3,False,99.0,False,True,0.4,1.2,False,50.0,80.0,False,False,pullback_low,1.0,0.5,1.5,rr,1.5,1.0,none,1.5,0.4,1.0,575,690,955,pessimistic,risk,1.0,2.0,4,14.774771571173018,1.3898017517748036,66,-2.1147286969694368,0.9292171723716135,21,False,-4.2294573939388735
5m,True,either,4,1.5,1.0,2.0,1.3,red_or_lh,1,3,False,99.0,False,True,0.4,1.2,False,50.0,80.0,False,False,pullback_low,1.0,0.5,1.5,rr,1.2,1.0,none,1.5,0.4,1.0,575,690,955,pessimistic,risk,1.0,2.0,4,10.0257072851623,1.3339071953708888,67,-2.2818372579884616,0.9890826209205135,21,False,-4.563674515976923
5m,True,either,4,1.5,1.0,2.0,1.3,red_or_lh,1,3,False,99.0,False,True,0.3,1.2,False,50.0,80.0,False,False,pullback_low,1.0,0.5,1.5,rr,1.2,1.0,none,1.5,0.4,1.0,575,690,955,pessimistic,risk,1.0,2.0,4,9.406018432949036,1.3330195968747447,70,-2.2874288719057168,0.9681685256531631,23,False,-4.5748577438114335
5m,True,either,4,1.0,1.0,2.0,1.3,red_or_lh,1,3,False,99.0,False,True,0.3,1.2,False,50.0,80.0,False,False,pullback_low,1.0,0.5,1.5,rr,1.5,1.0,none,1.5,0.4,1.0,575,690,955,pessimistic,risk,1.0,2.0,4,14.46683180595083,1.3967965426902627,69,-2.9052896820218277,0.881545137334862,24,False,-5.810579364043655
5m,True,either,4,1.5,1.0,2.0,1.0,red_or_lh,1,3,False,99.0,False,True,0.4,1.2,False,50.0,80.0,False,False,pullback_low,1.0,0.5,1.5,rr,1.5,1.0,none,1.5,0.4,1.0,575,690,955,pessimistic,risk,1.0,2.0,4,16.105834960058907,1.2897161232876595,113,-2.9814933499272,0.8111364160099453,35,False,-5.9629866998544
15m,True,either,4,1.0,1.0,2.0,1.0,red_or_lh,1,3,False,99.0,False,True,0.3,1.2,False,50.0,80.0,False,False,pullback_low,1.0,0.5,1.5,rr,1.5,1.0,none,1.5,0.4,1.0,575,690,955,pessimistic,risk,1.0,2.0,4,-6.312572492117708,0.7712553987308987,37,4.736754386015507,3.669349612650916,9,False,-6.312572492117708
15m,True,either,4,1.0,1.0,2.0,1.0,red_or_lh,1,3,False,99.0,False,True,0.4,1.2,False,50.0,80.0,False,False,pullback_low,1.0,0.5,1.5,rr,1.5,1.0,none,1.5,0.4,1.0,575,690,955,pessimistic,risk,1.0,2.0,4,-6.312572492117708,0.7712553987308987,37,3.2678587231509626,3.138831644331249,8,False,-6.312572492117708
5m,True,either,4,1.0,1.0,2.0,1.3,red_or_lh,1,3,False,99.0,False,True,0.4,1.2,False,50.0,80.0,False,False,pullback_low,1.0,0.5,1.5,rr,1.5,1.0,none,1.5,0.4,1.0,575,690,955,pessimistic,risk,1.0,2.0,4,14.774771571173018,1.3898017517748036,66,-3.187057047397046,0.8823914046972018,22,False,-6.374114094794092
5m,True,either,4,1.5,1.0,2.0,1.0,red_or_lh,1,3,False,99.0,False,True,0.3,1.2,False,50.0,80.0,False,False,pullback_low,1.0,0.5,1.5,rr,1.5,1.0,none,1.5,0.4,1.0,575,690,955,pessimistic,risk,1.0,2.0,4,20.201842591971307,1.3268229861669776,119,-3.338513678362953,0.8285509744601891,40,False,-6.677027356725906
15m,True,either,4,1.0,1.0,2.0,1.0,red_or_lh,1,3,False,99.0,False,True,0.5,1.2,False,50.0,80.0,False,False,pullback_low,1.0,0.5,1.5,rr,1.5,1.0,none,1.5,0.4,1.0,575,690,955,pessimistic,risk,1.0,2.0,4,-6.696623638113641,0.719748537013659,35,4.0367596318743315,3.819567474278344,7,False,-6.696623638113641
5m,True,either,4,1.0,1.0,2.0,1.3,red_or_lh,1,3,False,99.0,False,True,0.4,1.2,False,50.0,80.0,False,False,pullback_low,1.0,0.5,1.5,rr,1.2,1.0,none,1.5,0.4,1.0,575,690,955,pessimistic,risk,1.0,2.0,4,10.0257072851623,1.3339071953708888,67,-3.3523349423189686,0.9328134586734771,22,False,-6.704669884637937
5m,True,either,4,1.0,1.0,2.0,1.3,red_or_lh,1,3,False,99.0,False,True,0.3,1.2,False,50.0,80.0,False,False,pullback_low,1.0,0.5,1.5,rr,1.2,1.0,none,1.5,0.4,1.0,575,690,955,pessimistic,risk,1.0,2.0,4,9.406018432949036,1.3330195968747447,70,-3.357865300379781,0.9166123896963162,24,False,-6.715730600759562
15m,True,either,4,1.0,1.0,2.0,1.3,red_or_lh,1,3,False,99.0,False,True,0.3,1.2,False,50.0,80.0,False,False,pullback_low,1.0,0.5,1.5,rr,1.5,1.0,none,1.5,0.4,1.0,575,690,955,pessimistic,risk,1.0,2.0,4,-7.3014301057400255,0.6053723119291234,27,1.5931388068174401,2.266188300364244,5,False,-7.3014301057400255
15m,True,either,4,1.0,1.0,2.0,1.3,red_or_lh,1,3,False,99.0,False,True,0.4,1.2,False,50.0,80.0,False,False,pullback_low,1.0,0.5,1.5,rr,1.5,1.0,none,1.5,0.4,1.0,575,690,955,pessimistic,risk,1.0,2.0,4,-7.3014301057400255,0.6053723119291234,27,1.5931388068174401,2.266188300364244,5,False,-7.3014301057400255
15m,True,either,4,1.0,1.0,2.0,1.0,red_or_lh,1,3,False,99.0,False,True,0.5,1.2,False,50.0,80.0,False,False,pullback_low,1.0,0.5,1.5,rr,1.2,1.0,pct,1.5,0.4,1.0,575,690,955,pessimistic,risk,1.0,2.0,4,-7.539532329087839,0.4954784681897002,35,2.5127544095366883,2.76238031447421,7,False,-7.539532329087839
15m,True,either,4,1.0,1.0,2.0,1.0,red_or_lh,1,3,False,99.0,False,True,0.5,1.2,False,50.0,80.0,False,False,pullback_low,1.0,0.5,1.5,rr,1.5,1.0,pct,1.5,0.4,1.0,575,690,955,pessimistic,risk,1.0,2.0,4,-7.539532329087839,0.4954784681897002,35,2.715337295372966,2.820762052299811,7,False,-7.539532329087839
15m,True,either,4,1.0,1.0,2.0,1.3,red_or_lh,1,3,False,99.0,False,True,0.5,1.2,False,50.0,80.0,False,False,pullback_low,1.0,0.5,1.5,rr,1.5,1.0,none,1.5,0.4,1.0,575,690,955,pessimistic,risk,1.0,2.0,4,-7.6664833927420295,0.5587172458903434,25,1.5931388068174401,2.266188300364244,5,False,-7.6664833927420295
15m,True,either,4,1.5,1.0,2.0,1.0,red_or_lh,1,3,False,99.0,False,True,0.3,1.2,False,50.0,80.0,False,False,pullback_low,1.0,0.5,1.5,rr,1.5,1.0,none,1.5,0.4,1.0,575,690,955,pessimistic,risk,1.0,2.0,4,-7.667794465665079,0.6776314785674686,36,5.878107940135435,6.115460800284878,8,False,-7.667794465665079
15m,True,either,4,1.5,1.0,2.0,1.0,red_or_lh,1,3,False,99.0,False,True,0.4,1.2,False,50.0,80.0,False,False,pullback_low,1.0,0.5,1.5,rr,1.5,1.0,none,1.5,0.4,1.0,575,690,955,pessimistic,risk,1.0,2.0,4,-7.667794465665079,0.6776314785674686,36,4.393205200335326,5.231281809021679,7,False,-7.667794465665079
15m,True,either,4,1.5,1.0,2.0,1.0,red_or_lh,1,3,False,99.0,False,True,0.5,1.2,False,50.0,80.0,False,False,pullback_low,1.0,0.5,1.5,rr,1.2,1.0,pct,1.5,0.4,1.0,575,690,955,pessimistic,risk,1.0,2.0,4,-7.847311716522965,0.47472808860997684,34,3.629872247241739,5.381983775340446,6,False,-7.847311716522965
15m,True,either,4,1.5,1.0,2.0,1.0,red_or_lh,1,3,False,99.0,False,True,0.5,1.2,False,50.0,80.0,False,False,pullback_low,1.0,0.5,1.5,rr,1.5,1.0,pct,1.5,0.4,1.0,575,690,955,pessimistic,risk,1.0,2.0,4,-7.847311716522965,0.47472808860997684,34,3.8346627506245845,5.495729722669704,6,False,-7.847311716522965
15m,True,either,4,1.0,1.0,2.0,1.3,red_or_lh,1,3,False,99.0,False,True,0.3,1.2,False,50.0,80.0,False,False,pullback_low,1.0,0.5,1.5,rr,1.2,1.0,none,1.5,0.4,1.0,575,690,955,pessimistic,risk,1.0,2.0,4,-7.94216472775685,0.5887686965656345,27,0.7939756355540117,1.791822584895135,5,False,-7.94216472775685
15m,True,either,4,1.0,1.0,2.0,1.3,red_or_lh,1,3,False,99.0,False,True,0.4,1.2,False,50.0,80.0,False,False,pullback_low,1.0,0.5,1.5,rr,1.2,1.0,none,1.5,0.4,1.0,575,690,955,pessimistic,risk,1.0,2.0,4,-7.94216472775685,0.5887686965656345,27,0.7939756355540117,1.791822584895135,5,False,-7.94216472775685
15m,True,either,4,1.0,1.0,2.0,1.3,red_or_lh,1,3,False,99.0,False,True,0.5,1.2,False,50.0,80.0,False,False,pullback_low,1.0,0.5,1.5,rr,1.2,1.0,none,1.5,0.4,1.0,575,690,955,pessimistic,risk,1.0,2.0,4,-8.032739979399006,0.5607036255264918,25,0.7939756355540117,1.791822584895135,5,False,-8.032739979399006
15m,True,either,4,1.5,1.0,2.0,1.0,red_or_lh,1,3,False,99.0,False,True,0.5,1.2,False,50.0,80.0,False,False,pullback_low,1.0,0.5,1.5,rr,1.5,1.0,none,1.5,0.4,1.0,575,690,955,pessimistic,risk,1.0,2.0,4,-8.039250579650737,0.6306626415144787,34,5.170485094927435,7.441716141572241,6,False,-8.039250579650737
15m,True,either,4,1.0,1.0,2.0,1.0,red_or_lh,1,3,False,99.0,False,True,0.3,1.2,False,50.0,80.0,False,False,pullback_low,1.0,0.5,1.5,rr,1.2,1.0,none,1.5,0.4,1.0,575,690,955,pessimistic,risk,1.0,2.0,4,-8.055781324018053,0.6999644025465455,37,3.2990765108551035,3.0341543705914096,9,False,-8.055781324018053
15m,True,either,4,1.0,1.0,2.0,1.0,red_or_lh,1,3,False,99.0,False,True,0.4,1.2,False,50.0,80.0,False,False,pullback_low,1.0,0.5,1.5,rr,1.2,1.0,none,1.5,0.4,1.0,575,690,955,pessimistic,risk,1.0,2.0,4,-8.055781324018053,0.6999644025465455,37,2.1525033205235466,2.6155275106484077,8,False,-8.055781324018053
5m,True,either,4,1.0,1.0,2.0,1.0,red_or_lh,1,3,False,99.0,False,True,0.4,1.2,False,50.0,80.0,False,False,pullback_low,1.0,0.5,1.5,rr,1.5,1.0,none,1.5,0.4,1.0,575,690,955,pessimistic,risk,1.0,2.0,4,14.690555703288343,1.2768409513478367,114,-4.044326336055947,0.7878248102783637,36,False,-8.088652672111895
15m,True,either,4,1.0,1.0,2.0,1.0,red_or_lh,1,3,False,99.0,False,True,0.5,1.2,False,50.0,80.0,False,False,pullback_low,1.0,0.5,1.5,rr,1.2,1.0,none,1.5,0.4,1.0,575,690,955,pessimistic,risk,1.0,2.0,4,-8.161155480662362,0.6644033011946385,35,2.913099633865235,3.1827714703320265,7,False,-8.161155480662362
15m,True,either,4,1.5,1.0,2.0,1.0,red_or_lh,1,3,False,99.0,False,True,0.3,1.2,False,50.0,80.0,False,False,pullback_low,1.0,0.5,1.5,rr,1.2,1.0,pct,1.5,0.4,1.0,575,690,955,pessimistic,risk,1.0,2.0,4,-8.374555792067417,0.47414958522064904,36,3.259778116948353,4.022538546850293,8,False,-8.374555792067417
15m,True,either,4,1.5,1.0,2.0,1.0,red_or_lh,1,3,False,99.0,False,True,0.3,1.2,False,50.0,80.0,False,False,pullback_low,1.0,0.5,1.5,rr,1.5,1.0,pct,1.5,0.4,1.0,575,690,955,pessimistic,risk,1.0,2.0,4,-8.374555792067417,0.47414958522064904,36,3.4638372504896875,4.1024982085457165,8,False,-8.374555792067417
15m,True,either,4,1.5,1.0,2.0,1.0,red_or_lh,1,3,False,99.0,False,True,0.4,1.2,False,50.0,80.0,False,False,pullback_low,1.0,0.5,1.5,rr,1.2,1.0,pct,1.5,0.4,1.0,575,690,955,pessimistic,risk,1.0,2.0,4,-8.374555792067417,0.47414958522064904,36,2.863978507147036,3.7833576670716633,7,False,-8.374555792067417
15m,True,either,4,1.5,1.0,2.0,1.0,red_or_lh,1,3,False,99.0,False,True,0.4,1.2,False,50.0,80.0,False,False,pullback_low,1.0,0.5,1.5,rr,1.5,1.0,pct,1.5,0.4,1.0,575,690,955,pessimistic,risk,1.0,2.0,4,-8.374555792067417,0.47414958522064904,36,3.0672554723851997,3.8633173287670863,7,False,-8.374555792067417
15m,True,either,4,1.0,1.0,2.0,1.0,red_or_lh,1,3,False,99.0,False,True,0.3,1.2,False,50.0,80.0,False,False,pullback_low,1.0,0.5,1.5,rr,1.2,1.0,pct,1.5,0.4,1.0,575,690,955,pessimistic,risk,1.0,2.0,4,-8.466113843009337,0.4777897027844096,37,2.1466498504510545,2.4135712321254563,9,False,-8.466113843009337
15m,True,either,4,1.0,1.0,2.0,1.0,red_or_lh,1,3,False,99.0,False,True,0.3,1.2,False,50.0,80.0,False,False,pullback_low,1.0,0.5,1.5,rr,1.5,1.0,pct,1.5,0.4,1.0,575,690,955,pessimistic,risk,1.0,2.0,4,-8.466113843009337,0.4777897027844096,37,2.34850925052672,2.4615479853500264,9,False,-8.466113843009337
15m,True,either,4,1.0,1.0,2.0,1.0,red_or_lh,1,3,False,99.0,False,True,0.4,1.2,False,50.0,80.0,False,False,pullback_low,1.0,0.5,1.5,rr,1.2,1.0,pct,1.5,0.4,1.0,575,690,955,pessimistic,risk,1.0,2.0,4,-8.466113843009337,0.4777897027844096,37,1.7551169139040423,2.270059843984707,8,False,-8.466113843009337
15m,True,either,4,1.0,1.0,2.0,1.0,red_or_lh,1,3,False,99.0,False,True,0.4,1.2,False,50.0,80.0,False,False,pullback_low,1.0,0.5,1.5,rr,1.5,1.0,pct,1.5,0.4,1.0,575,690,955,pessimistic,risk,1.0,2.0,4,-8.466113843009337,0.4777897027844096,37,1.9562025773588898,2.318036597209277,8,False,-8.466113843009337
5m,True,either,4,1.0,1.0,2.0,1.0,red_or_lh,1,3,False,99.0,False,True,0.3,1.2,False,50.0,80.0,False,False,pullback_low,1.0,0.5,1.5,rr,1.5,1.0,none,1.5,0.4,1.0,575,690,955,pessimistic,risk,1.0,2.0,4,21.57024690797624,1.3617122395475472,118,-4.397435524288884,0.8073192022253263,41,False,-8.794871048577768
5m,True,either,4,1.5,1.0,2.0,1.0,red_or_lh,1,3,False,99.0,False,True,0.3,1.2,False,50.0,80.0,False,False,pullback_low,1.0,0.5,1.5,rr,1.2,1.0,none,1.5,0.4,1.0,575,690,955,pessimistic,risk,1.0,2.0,4,9.30463471921561,1.2042001026950275,125,-4.451219004319984,0.7958569181308757,41,False,-8.902438008639969
15m,True,either,4,1.5,1.0,2.0,1.3,red_or_lh,1,3,False,99.0,False,True,0.5,1.2,False,50.0,80.0,False,False,pullback_low,1.0,0.5,1.5,rr,1.5,1.0,none,1.5,0.4,1.0,575,690,955,pessimistic,risk,1.0,2.0,4,-8.995154142264905,0.44056757025315807,24,2.700235267187101,4.4152460110287866,4,False,-8.995154142264905
15m,True,either,4,1.5,1.0,2.0,1.3,red_or_lh,1,3,False,99.0,False,True,0.5,1.2,False,50.0,80.0,False,False,pullback_low,1.0,0.5,1.5,rr,1.2,1.0,none,1.5,0.4,1.0,575,690,955,pessimistic,risk,1.0,2.0,4,-9.087326986357237,0.4668312804996868,24,1.8923633314484434,3.4910327262557783,4,False,-9.087326986357237
15m,True,either,4,1.5,1.0,2.0,1.0,red_or_lh,1,3,False,99.0,False,True,0.3,1.2,False,50.0,80.0,False,False,pullback_low,1.0,0.5,1.5,rr,1.2,1.0,none,1.5,0.4,1.0,575,690,955,pessimistic,risk,1.0,2.0,4,-9.117082373246333,0.6255248440263039,36,4.424763179342461,5.0568231632634175,8,False,-9.117082373246333
15m,True,either,4,1.5,1.0,2.0,1.0,red_or_lh,1,3,False,99.0,False,True,0.4,1.2,False,50.0,80.0,False,False,pullback_low,1.0,0.5,1.5,rr,1.2,1.0,none,1.5,0.4,1.0,575,690,955,pessimistic,risk,1.0,2.0,4,-9.117082373246333,0.6255248440263039,36,3.2656953743599892,4.359125635859307,7,False,-9.117082373246333
5m,True,either,4,1.5,1.0,2.0,1.0,red_or_lh,1,3,False,99.0,False,True,0.4,1.2,False,50.0,80.0,False,False,pullback_low,1.0,0.5,1.5,rr,1.2,1.0,none,1.5,0.4,1.0,575,690,955,pessimistic,risk,1.0,2.0,4,11.07610567343238,1.2506391817655533,119,-4.582041957689764,0.767992883142238,35,False,-9.164083915379528
15m,True,either,4,1.5,1.0,2.0,1.0,red_or_lh,1,3,False,99.0,False,True,0.5,1.2,False,50.0,80.0,False,False,pullback_low,1.0,0.5,1.5,rr,1.2,1.0,none,1.5,0.4,1.0,575,690,955,pessimistic,risk,1.0,2.0,4,-9.214269949251019,0.5936227266884403,34,4.034580175449554,6.201037679058275,6,False,-9.214269949251019
5m,True,either,4,1.0,1.0,2.0,1.3,red_or_lh,1,3,False,99.0,False,True,0.5,1.2,False,50.0,80.0,False,False,pullback_low,1.0,0.5,1.5,rr,1.2,1.0,pct,1.5,0.4,1.0,575,690,955,pessimistic,risk,1.0,2.0,4,-1.1583374337045371,0.9815424300996934,63,-4.7386890714609,0.6546632162121061,18,False,-9.4773781429218
5m,True,either,4,1.0,1.0,2.0,1.3,red_or_lh,1,3,False,99.0,False,True,0.5,1.2,False,50.0,80.0,False,False,pullback_low,1.0,0.5,1.5,rr,1.5,1.0,pct,1.5,0.4,1.0,575,690,955,pessimistic,risk,1.0,2.0,4,-1.6762783977312457,0.9589007087004188,63,-4.7386890714609,0.6546632162121061,18,False,-9.4773781429218
5m,True,either,4,1.5,1.0,2.0,1.3,red_or_lh,1,3,False,99.0,False,True,0.5,1.2,False,50.0,80.0,False,False,pullback_low,1.0,0.5,1.5,rr,1.2,1.0,pct,1.5,0.4,1.0,575,690,955,pessimistic,risk,1.0,2.0,4,-1.1583374337045371,0.9815424300996934,63,-4.7386890714609,0.6546632162121061,18,False,-9.4773781429218
5m,True,either,4,1.5,1.0,2.0,1.3,red_or_lh,1,3,False,99.0,False,True,0.5,1.2,False,50.0,80.0,False,False,pullback_low,1.0,0.5,1.5,rr,1.5,1.0,pct,1.5,0.4,1.0,575,690,955,pessimistic,risk,1.0,2.0,4,-1.6762783977312457,0.9589007087004188,63,-4.7386890714609,0.6546632162121061,18,False,-9.4773781429218
15m,True,either,4,1.5,1.0,2.0,1.3,red_or_lh,1,3,False,99.0,False,True,0.3,1.2,False,50.0,80.0,False,False,pullback_low,1.0,0.5,1.5,rr,1.5,1.0,none,1.5,0.4,1.0,575,690,955,pessimistic,risk,1.0,2.0,4,-9.942400157457898,0.40701695107750224,25,2.700235267187101,4.4152460110287866,4,False,-9.942400157457898
15m,True,either,4,1.5,1.0,2.0,1.3,red_or_lh,1,3,False,99.0,False,True,0.4,1.2,False,50.0,80.0,False,False,pullback_low,1.0,0.5,1.5,rr,1.5,1.0,none,1.5,0.4,1.0,575,690,955,pessimistic,risk,1.0,2.0,4,-9.942400157457898,0.40701695107750224,25,2.700235267187101,4.4152460110287866,4,False,-9.942400157457898
15m,True,either,4,1.5,1.0,2.0,1.3,red_or_lh,1,3,False,99.0,False,True,0.3,1.2,False,50.0,80.0,False,False,pullback_low,1.0,0.5,1.5,rr,1.2,1.0,none,1.5,0.4,1.0,575,690,955,pessimistic,risk,1.0,2.0,4,-10.033613598142054,0.43128059640750815,25,1.8923633314484434,3.4910327262557783,4,False,-10.033613598142054
15m,True,either,4,1.5,1.0,2.0,1.3,red_or_lh,1,3,False,99.0,False,True,0.4,1.2,False,50.0,80.0,False,False,pullback_low,1.0,0.5,1.5,rr,1.2,1.0,none,1.5,0.4,1.0,575,690,955,pessimistic,risk,1.0,2.0,4,-10.033613598142054,0.43128059640750815,25,1.8923633314484434,3.4910327262557783,4,False,-10.033613598142054
5m,True,either,4,1.0,1.0,2.0,1.0,red_or_lh,1,3,False,99.0,False,True,0.3,1.2,False,50.0,80.0,False,False,pullback_low,1.0,0.5,1.5,rr,1.2,1.0,none,1.5,0.4,1.0,575,690,955,pessimistic,risk,1.0,2.0,4,10.558571560459672,1.2348000647276296,126,-5.4979512179261665,0.7742054659704851,42,False,-10.995902435852333
5m,True,either,4,1.0,1.0,2.0,1.0,red_or_lh,1,3,False,99.0,False,True,0.4,1.2,False,50.0,80.0,False,False,pullback_low,1.0,0.5,1.5,rr,1.2,1.0,none,1.5,0.4,1.0,575,690,955,pessimistic,risk,1.0,2.0,4,7.442958018948453,1.1875721009017761,120,-5.627341012252551,0.7443833644963818,36,False,-11.254682024505103
15m,True,either,4,1.0,1.0,2.0,1.3,red_or_lh,1,3,False,99.0,False,True,0.5,1.2,False,50.0,80.0,False,False,pullback_low,1.0,0.5,1.5,rr,1.2,1.0,pct,1.5,0.4,1.0,575,690,955,pessimistic,risk,1.0,2.0,4,-12.030615812289136,0.2938991375248064,25,0.09377509800834183,1.264345865555005,5,False,-12.030615812289136
15m,True,either,4,1.0,1.0,2.0,1.3,red_or_lh,1,3,False,99.0,False,True,0.5,1.2,False,50.0,80.0,False,False,pullback_low,1.0,0.5,1.5,rr,1.5,1.0,pct,1.5,0.4,1.0,575,690,955,pessimistic,risk,1.0,2.0,4,-12.030615812289136,0.2938991375248064,25,0.29157766345881964,1.322727603380606,5,False,-12.030615812289136
15m,True,either,4,1.5,1.0,2.0,1.3,red_or_lh,1,3,False,99.0,False,True,0.5,1.2,False,50.0,80.0,False,False,pullback_low,1.0,0.5,1.5,rr,1.2,1.0,pct,1.5,0.4,1.0,575,690,955,pessimistic,risk,1.0,2.0,4,-12.323445427587053,0.2668756905625191,24,1.1845324603412033,2.463342538020877,4,False,-12.323445427587053
15m,True,either,4,1.5,1.0,2.0,1.3,red_or_lh,1,3,False,99.0,False,True,0.5,1.2,False,50.0,80.0,False,False,pullback_low,1.0,0.5,1.5,rr,1.5,1.0,pct,1.5,0.4,1.0,575,690,955,pessimistic,risk,1.0,2.0,4,-12.323445427587053,0.2668756905625191,24,1.3844905504918348,2.5770884853501355,4,False,-12.323445427587053
15m,True,either,4,1.0,1.0,2.0,1.3,red_or_lh,1,3,False,99.0,False,True,0.3,1.2,False,50.0,80.0,False,False,pullback_low,1.0,0.5,1.5,rr,1.2,1.0,pct,1.5,0.4,1.0,575,690,955,pessimistic,risk,1.0,2.0,4,-12.659662332783439,0.29175317789080735,27,0.09377509800834183,1.264345865555005,5,False,-12.659662332783439
15m,True,either,4,1.0,1.0,2.0,1.3,red_or_lh,1,3,False,99.0,False,True,0.3,1.2,False,50.0,80.0,False,False,pullback_low,1.0,0.5,1.5,rr,1.5,1.0,pct,1.5,0.4,1.0,575,690,955,pessimistic,risk,1.0,2.0,4,-12.659662332783439,0.29175317789080735,27,0.29157766345881964,1.322727603380606,5,False,-12.659662332783439
15m,True,either,4,1.0,1.0,2.0,1.3,red_or_lh,1,3,False,99.0,False,True,0.4,1.2,False,50.0,80.0,False,False,pullback_low,1.0,0.5,1.5,rr,1.2,1.0,pct,1.5,0.4,1.0,575,690,955,pessimistic,risk,1.0,2.0,4,-12.659662332783439,0.29175317789080735,27,0.09377509800834183,1.264345865555005,5,False,-12.659662332783439
15m,True,either,4,1.0,1.0,2.0,1.3,red_or_lh,1,3,False,99.0,False,True,0.4,1.2,False,50.0,80.0,False,False,pullback_low,1.0,0.5,1.5,rr,1.5,1.0,pct,1.5,0.4,1.0,575,690,955,pessimistic,risk,1.0,2.0,4,-12.659662332783439,0.29175317789080735,27,0.29157766345881964,1.322727603380606,5,False,-12.659662332783439
15m,True,either,4,1.0,1.0,2.0,1.3,red_or_lh,1,3,False,99.0,False,True,0.4,1.2,False,50.0,80.0,False,False,pullback_low,1.0,0.5,1.5,rr,1.2,1.0,none,1.5,0.4,1.0,575,930,955,pessimistic,risk,1.0,2.0,4,-13.073020872744712,0.6681752303037634,65,-5.028291105539873,0.6360389360542452,28,False,-13.073020872744712
5m,True,either,4,1.5,1.0,2.0,1.3,red_or_lh,1,3,False,99.0,False,True,0.4,1.2,False,50.0,80.0,False,False,pullback_low,1.0,0.5,1.5,rr,1.2,1.0,pct,1.5,0.4,1.0,575,690,955,pessimistic,risk,1.0,2.0,4,-0.9250328472077629,0.9825258841151202,68,-6.609295300779772,0.5655662417318601,21,False,-13.218590601559544
5m,True,either,4,1.5,1.0,2.0,1.3,red_or_lh,1,3,False,99.0,False,True,0.4,1.2,False,50.0,80.0,False,False,pullback_low,1.0,0.5,1.5,rr,1.5,1.0,pct,1.5,0.4,1.0,575,690,955,pessimistic,risk,1.0,2.0,4,-1.4441963524110202,0.9611616605271749,68,-6.609295300779772,0.5655662417318601,21,False,-13.218590601559544
5m,True,either,4,1.5,1.0,2.0,1.3,red_or_lh,1,3,False,99.0,False,True,0.3,1.2,False,50.0,80.0,False,False,pullback_low,1.0,0.5,1.5,rr,1.2,1.0,pct,1.5,0.4,1.0,575,690,955,pessimistic,risk,1.0,2.0,4,-3.2134221388522843,0.9155427291278455,71,-6.614639289547942,0.5732666447655369,23,False,-13.229278579095883
15m,True,either,4,1.5,1.0,2.0,1.3,red_or_lh,1,3,False,99.0,False,True,0.3,1.2,False,50.0,80.0,False,False,pullback_low,1.0,0.5,1.5,rr,1.2,1.0,pct,1.5,0.4,1.0,575,690,955,pessimistic,risk,1.0,2.0,4,-13.236048115518596,0.24655530522741098,25,1.1845324603412033,2.463342538020877,4,False,-13.236048115518596
15m,True,either,4,1.5,1.0,2.0,1.3,red_or_lh,1,3,False,99.0,False,True,0.3,1.2,False,50.0,80.0,False,False,pullback_low,1.0,0.5,1.5,rr,1.5,1.0,pct,1.5,0.4,1.0,575,690,955,pessimistic,risk,1.0,2.0,4,-13.236048115518596,0.24655530522741098,25,1.3844905504918348,2.5770884853501355,4,False,-13.236048115518596
15m,True,either,4,1.5,1.0,2.0,1.3,red_or_lh,1,3,False,99.0,False,True,0.4,1.2,False,50.0,80.0,False,False,pullback_low,1.0,0.5,1.5,rr,1.2,1.0,pct,1.5,0.4,1.0,575,690,955,pessimistic,risk,1.0,2.0,4,-13.236048115518596,0.24655530522741098,25,1.1845324603412033,2.463342538020877,4,False,-13.236048115518596
15m,True,either,4,1.5,1.0,2.0,1.3,red_or_lh,1,3,False,99.0,False,True,0.4,1.2,False,50.0,80.0,False,False,pullback_low,1.0,0.5,1.5,rr,1.5,1.0,pct,1.5,0.4,1.0,575,690,955,pessimistic,risk,1.0,2.0,4,-13.236048115518596,0.24655530522741098,25,1.3844905504918348,2.5770884853501355,4,False,-13.236048115518596
15m,True,either,4,1.0,1.0,2.0,1.3,red_or_lh,1,3,False,99.0,False,True,0.5,1.2,False,50.0,80.0,False,False,pullback_low,1.0,0.5,1.5,rr,1.2,1.0,none,1.5,0.4,1.0,575,930,955,pessimistic,risk,1.0,2.0,4,-13.864645241215712,0.6383715648317565,63,-4.030694678487345,0.6449083993062098,25,False,-13.864645241215712
15m,True,either,4,1.0,1.0,2.0,1.3,red_or_lh,1,3,False,99.0,False,True,0.5,1.2,False,50.0,80.0,False,False,pullback_low,1.0,0.5,1.5,rr,1.5,1.0,none,1.5,0.4,1.0,575,930,955,pessimistic,risk,1.0,2.0,4,-13.924023735237922,0.6376718280631067,63,-2.442460219185272,0.7479256057912008,25,False,-13.924023735237922
15m,True,either,4,1.0,1.0,2.0,1.3,red_or_lh,1,3,False,99.0,False,True,0.3,1.2,False,50.0,80.0,False,False,pullback_low,1.0,0.5,1.5,rr,1.2,1.0,none,1.5,0.4,1.0,575,930,955,pessimistic,risk,1.0,2.0,4,-13.990791918871547,0.653389439921687,68,-3.969471740042496,0.6804330813878371,29,False,-13.990791918871547
15m,True,either,4,1.0,1.0,2.0,1.3,red_or_lh,1,3,False,99.0,False,True,0.4,1.2,False,50.0,80.0,False,False,pullback_low,1.0,0.5,1.5,rr,1.5,1.0,none,1.5,0.4,1.0,575,930,955,pessimistic,risk,1.0,2.0,4,-14.101471386373243,0.6481569362148684,64,-3.1701891560973583,0.7439153953459303,28,False,-14.101471386373243
5m,True,either,4,1.0,1.0,2.0,1.0,red_or_lh,1,3,False,99.0,False,True,0.5,1.2,False,50.0,80.0,False,False,pullback_low,1.0,0.5,1.5,rr,1.5,1.0,pct,1.5,0.4,1.0,575,690,955,pessimistic,risk,1.0,2.0,4,-12.001270304639055,0.8030897970638753,114,-7.243350202981425,0.5489770699714493,29,False,-14.48670040596285
5m,True,either,4,1.5,1.0,2.0,1.0,red_or_lh,1,3,False,99.0,False,True,0.5,1.2,False,50.0,80.0,False,False,pullback_low,1.0,0.5,1.5,rr,1.5,1.0,pct,1.5,0.4,1.0,575,690,955,pessimistic,risk,1.0,2.0,4,-11.034663368243901,0.8164299964609902,113,-7.243350202981425,0.5489770699714493,29,False,-14.48670040596285
5m,True,either,4,1.5,1.0,2.0,1.3,red_or_lh,1,3,False,99.0,False,True,0.3,1.2,False,50.0,80.0,False,False,pullback_low,1.0,0.5,1.5,rr,1.5,1.0,pct,1.5,0.4,1.0,575,690,955,pessimistic,risk,1.0,2.0,4,-3.7205942375473144,0.8956349995854114,71,-7.264911936994933,0.543459923187996,23,False,-14.529823873989866
5m,True,either,4,1.0,1.0,2.0,1.0,red_or_lh,1,3,False,99.0,False,True,0.5,1.2,False,50.0,80.0,False,False,pullback_low,1.0,0.5,1.5,rr,1.2,1.0,pct,1.5,0.4,1.0,575,690,955,pessimistic,risk,1.0,2.0,4,-11.406165881740815,0.818041158645405,114,-7.300954395654058,0.547050346879473,29,False,-14.601908791308116
5m,True,either,4,1.5,1.0,2.0,1.0,red_or_lh,1,3,False,99.0,False,True,0.5,1.2,False,50.0,80.0,False,False,pullback_low,1.0,0.5,1.5,rr,1.2,1.0,pct,1.5,0.4,1.0,575,690,955,pessimistic,risk,1.0,2.0,4,-10.433022122995562,0.8316297165019169,113,-7.300954395654058,0.547050346879473,29,False,-14.601908791308116
15m,True,either,4,1.0,1.0,2.0,1.3,red_or_lh,1,3,False,99.0,False,True,0.3,1.2,False,50.0,80.0,False,False,pullback_low,1.0,0.5,1.5,rr,1.5,1.0,none,1.5,0.4,1.0,575,930,955,pessimistic,risk,1.0,2.0,4,-14.756167451968027,0.638179908216423,67,-1.8001647749747773,0.8002554532250289,29,False,-14.756167451968027
15m,True,either,4,1.5,1.0,2.0,1.3,red_or_lh,1,3,False,99.0,False,True,0.5,1.2,False,50.0,80.0,False,False,pullback_low,1.0,0.5,1.5,rr,1.2,1.0,none,1.5,0.4,1.0,575,930,955,pessimistic,risk,1.0,2.0,4,-14.852357889695211,0.5969153690180934,62,-4.035557581681537,0.6389038689600377,23,False,-14.852357889695211
15m,True,either,4,1.5,1.0,2.0,1.3,red_or_lh,1,3,False,99.0,False,True,0.5,1.2,False,50.0,80.0,False,False,pullback_low,1.0,0.5,1.5,rr,1.5,1.0,none,1.5,0.4,1.0,575,930,955,pessimistic,risk,1.0,2.0,4,-15.162649058976852,0.5861117782118527,62,-2.1281685803874684,0.7601884906068705,23,False,-15.162649058976852
5m,True,either,4,1.0,1.0,2.0,1.3,red_or_lh,1,3,False,99.0,False,True,0.4,1.2,False,50.0,80.0,False,False,pullback_low,1.0,0.5,1.5,rr,1.2,1.0,pct,1.5,0.4,1.0,575,690,955,pessimistic,risk,1.0,2.0,4,-0.9250328472077629,0.9825258841151202,68,-7.632385894311056,0.5333910341765612,22,False,-15.264771788622111
5m,True,either,4,1.0,1.0,2.0,1.3,red_or_lh,1,3,False,99.0,False,True,0.4,1.2,False,50.0,80.0,False,False,pullback_low,1.0,0.5,1.5,rr,1.5,1.0,pct,1.5,0.4,1.0,575,690,955,pessimistic,risk,1.0,2.0,4,-1.4441963524110202,0.9611616605271749,68,-7.632385894311056,0.5333910341765612,22,False,-15.264771788622111
5m,True,either,4,1.0,1.0,2.0,1.3,red_or_lh,1,3,False,99.0,False,True,0.3,1.2,False,50.0,80.0,False,False,pullback_low,1.0,0.5,1.5,rr,1.2,1.0,pct,1.5,0.4,1.0,575,690,955,pessimistic,risk,1.0,2.0,4,-3.2134221388522843,0.9155427291278455,71,-7.637671339944118,0.5427395079149372,24,False,-15.275342679888237
15m,True,either,4,1.5,1.0,2.0,1.3,red_or_lh,1,3,False,99.0,False,True,0.3,1.2,False,50.0,80.0,False,False,pullback_low,1.0,0.5,1.5,rr,1.2,1.0,none,1.5,0.4,1.0,575,930,955,pessimistic,risk,1.0,2.0,4,-15.93199939454718,0.5772425698334055,66,-3.97433774549133,0.6768488881051868,27,False,-15.93199939454718
15m,True,either,4,1.5,1.0,2.0,1.3,red_or_lh,1,3,False,99.0,False,True,0.4,1.2,False,50.0,80.0,False,False,pullback_low,1.0,0.5,1.5,rr,1.2,1.0,none,1.5,0.4,1.0,575,930,955,pessimistic,risk,1.0,2.0,4,-15.934904902993075,0.5740389606597334,64,-5.033103459083465,0.6302725848868413,26,False,-15.934904902993075
15m,True,either,4,1.5,1.0,2.0,1.3,red_or_lh,1,3,False,99.0,False,True,0.3,1.2,False,50.0,80.0,False,False,pullback_low,1.0,0.5,1.5,rr,1.5,1.0,none,1.5,0.4,1.0,575,930,955,pessimistic,risk,1.0,2.0,4,-15.989789536413667,0.571020162348242,66,-1.4838039154052574,0.8137137703402684,27,False,-15.989789536413667
15m,True,either,4,1.5,1.0,2.0,1.3,red_or_lh,1,3,False,99.0,False,True,0.4,1.2,False,50.0,80.0,False,False,pullback_low,1.0,0.5,1.5,rr,1.5,1.0,none,1.5,0.4,1.0,575,930,955,pessimistic,risk,1.0,2.0,4,-16.241251103626897,0.5639052028703359,64,-2.85824197084662,0.754604363020956,26,False,-16.241251103626897
5m,True,either,4,1.0,1.0,2.0,1.3,red_or_lh,1,3,False,99.0,False,True,0.3,1.2,False,50.0,80.0,False,False,pullback_low,1.0,0.5,1.5,rr,1.5,1.0,pct,1.5,0.4,1.0,575,690,955,pessimistic,risk,1.0,2.0,4,-3.7205942375473144,0.8956349995854114,71,-8.28082028240381,0.5145200300345024,24,False,-16.56164056480762
5m,True,either,4,1.0,1.0,2.0,1.0,red_or_lh,1,3,False,99.0,False,True,0.5,1.2,False,50.0,80.0,False,False,pullback_low,1.0,0.5,1.5,rr,1.5,1.0,none,1.5,0.4,1.0,575,930,955,pessimistic,risk,1.0,2.0,4,-11.421052756282313,0.9751936859031352,291,-8.468968582976888,0.8765576321891464,133,False,-16.937937165953777
5m,True,either,4,1.0,1.0,2.0,1.0,red_or_lh,1,3,False,99.0,False,True,0.4,1.2,False,50.0,80.0,False,False,pullback_low,1.0,0.5,1.5,rr,1.5,1.0,none,1.5,0.4,1.0,575,930,955,pessimistic,risk,1.0,2.0,4,-1.5319279440462963,1.0665029433348046,315,-8.802045799726843,0.8846307707370172,151,False,-17.604091599453685
5m,True,either,4,1.0,1.0,2.0,1.0,red_or_lh,1,3,False,99.0,False,True,0.5,1.2,False,50.0,80.0,False,False,pullback_low,1.0,0.5,1.5,rr,1.2,1.0,none,1.5,0.4,1.0,575,930,955,pessimistic,risk,1.0,2.0,4,-21.22671660627493,0.9143430381669873,316,-9.799089743434674,0.8647662230346573,144,False,-21.22671660627493
15m,True,either,4,1.5,1.0,2.0,1.0,red_or_lh,1,3,False,99.0,False,True,0.4,1.2,False,50.0,80.0,False,False,pullback_low,1.0,0.5,1.5,rr,1.5,1.0,none,1.5,0.4,1.0,575,930,955,pessimistic,risk,1.0,2.0,4,-22.74164902522041,0.6510084691267619,104,0.921038619292136,1.057973096811879,42,False,-22.74164902522041
15m,True,either,4,1.0,1.0,2.0,1.3,red_or_lh,1,3,False,99.0,False,True,0.5,1.2,False,50.0,80.0,False,False,pullback_low,1.0,0.5,1.5,rr,1.2,1.0,pct,1.5,0.4,1.0,575,930,955,pessimistic,risk,1.0,2.0,4,-23.01193102757726,0.38383020487557235,65,-8.496066044077665,0.28929095648351955,25,False,-23.01193102757726
15m,True,either,4,1.0,1.0,2.0,1.3,red_or_lh,1,3,False,99.0,False,True,0.5,1.2,False,50.0,80.0,False,False,pullback_low,1.0,0.5,1.5,rr,1.5,1.0,pct,1.5,0.4,1.0,575,930,955,pessimistic,risk,1.0,2.0,4,-23.01193102757726,0.38383020487557235,65,-8.04317585273855,0.30747638589602205,25,False,-23.01193102757726
5m,True,either,4,1.5,1.0,2.0,1.0,red_or_lh,1,3,False,99.0,False,True,0.4,1.2,False,50.0,80.0,False,False,pullback_low,1.0,0.5,1.5,rr,1.5,1.0,pct,1.5,0.4,1.0,575,690,955,pessimistic,risk,1.0,2.0,4,-10.52389035561615,0.8391895375036301,123,-11.569145969314587,0.4137267718371094,35,False,-23.138291938629173
5m,True,either,4,1.5,1.0,2.0,1.0,red_or_lh,1,3,False,99.0,False,True,0.4,1.2,False,50.0,80.0,False,False,pullback_low,1.0,0.5,1.5,rr,1.2,1.0,pct,1.5,0.4,1.0,575,690,955,pessimistic,risk,1.0,2.0,4,-9.918794932336372,0.8536800556075578,123,-11.624063734940403,0.4122932045403257,35,False,-23.248127469880806
15m,True,either,4,1.5,1.0,2.0,1.3,red_or_lh,1,3,False,99.0,False,True,0.5,1.2,False,50.0,80.0,False,False,pullback_low,1.0,0.5,1.5,rr,1.2,1.0,pct,1.5,0.4,1.0,575,930,955,pessimistic,risk,1.0,2.0,4,-23.268206399149904,0.3715053425206907,64,-6.944641201612156,0.31317681900468297,23,False,-23.268206399149904
15m,True,either,4,1.5,1.0,2.0,1.3,red_or_lh,1,3,False,99.0,False,True,0.5,1.2,False,50.0,80.0,False,False,pullback_low,1.0,0.5,1.5,rr,1.5,1.0,pct,1.5,0.4,1.0,575,930,955,pessimistic,risk,1.0,2.0,4,-23.268206399149904,0.3715053425206907,64,-6.484072377635308,0.33286376326616446,23,False,-23.268206399149904
15m,True,either,4,1.5,1.0,2.0,1.3,red_or_lh,1,3,False,99.0,False,True,0.3,1.2,False,50.0,80.0,False,False,pullback_low,1.0,0.5,1.5,rr,1.2,1.0,pct,1.5,0.4,1.0,575,930,955,pessimistic,risk,1.0,2.0,4,-23.495203736457583,0.3772895207649741,68,-8.255757672554898,0.3198248688712695,27,False,-23.495203736457583
15m,True,either,4,1.5,1.0,2.0,1.3,red_or_lh,1,3,False,99.0,False,True,0.3,1.2,False,50.0,80.0,False,False,pullback_low,1.0,0.5,1.5,rr,1.5,1.0,pct,1.5,0.4,1.0,575,930,955,pessimistic,risk,1.0,2.0,4,-23.495203736457583,0.3772895207649741,68,-7.801678097331899,0.3371890473128918,27,False,-23.495203736457583
15m,True,either,4,1.0,1.0,2.0,1.0,red_or_lh,1,3,False,99.0,False,True,0.4,1.2,False,50.0,80.0,False,False,pullback_low,1.0,0.5,1.5,rr,1.5,1.0,none,1.5,0.4,1.0,575,930,955,pessimistic,risk,1.0,2.0,4,-23.50202628969129,0.6649795657520801,105,-1.7107502144687259,0.9491506738122135,44,False,-23.50202628969129
15m,True,either,4,1.0,1.0,2.0,1.3,red_or_lh,1,3,False,99.0,False,True,0.4,1.2,False,50.0,80.0,False,False,pullback_low,1.0,0.5,1.5,rr,1.2,1.0,pct,1.5,0.4,1.0,575,930,955,pessimistic,risk,1.0,2.0,4,-23.740496355056308,0.37825317334334063,68,-9.825988845712752,0.2962691539603779,28,False,-23.740496355056308
15m,True,either,4,1.0,1.0,2.0,1.3,red_or_lh,1,3,False,99.0,False,True,0.4,1.2,False,50.0,80.0,False,False,pullback_low,1.0,0.5,1.5,rr,1.5,1.0,pct,1.5,0.4,1.0,575,930,955,pessimistic,risk,1.0,2.0,4,-23.740496355056308,0.37825317334334063,68,-9.379680983308125,0.31245462163116483,28,False,-23.740496355056308
15m,True,either,4,1.0,1.0,2.0,1.3,red_or_lh,1,3,False,99.0,False,True,0.3,1.2,False,50.0,80.0,False,False,pullback_low,1.0,0.5,1.5,rr,1.2,1.0,pct,1.5,0.4,1.0,575,930,955,pessimistic,risk,1.0,2.0,4,-23.802704637138827,0.38864288037604205,71,-9.785323498079846,0.29811459798301654,29,False,-23.802704637138827
15m,True,either,4,1.0,1.0,2.0,1.3,red_or_lh,1,3,False,99.0,False,True,0.3,1.2,False,50.0,80.0,False,False,pullback_low,1.0,0.5,1.5,rr,1.5,1.0,pct,1.5,0.4,1.0,575,930,955,pessimistic,risk,1.0,2.0,4,-23.802704637138827,0.38864288037604205,71,-9.338814366327819,0.3143000656538034,29,False,-23.802704637138827
15m,True,either,4,1.5,1.0,2.0,1.0,red_or_lh,1,3,False,99.0,False,True,0.3,1.2,False,50.0,80.0,False,False,pullback_low,1.0,0.5,1.5,rr,1.5,1.0,none,1.5,0.4,1.0,575,930,955,pessimistic,risk,1.0,2.0,4,-24.11373461277271,0.6406976573943768,108,2.3352594410113614,1.091759303357175,43,False,-24.11373461277271
15m,True,either,4,1.0,1.0,2.0,1.0,red_or_lh,1,3,False,99.0,False,True,0.3,1.2,False,50.0,80.0,False,False,pullback_low,1.0,0.5,1.5,rr,1.5,1.0,none,1.5,0.4,1.0,575,930,955,pessimistic,risk,1.0,2.0,4,-24.21093122381136,0.6581486283524092,111,2.0066345861374346,1.0714386367041826,45,False,-24.21093122381136
15m,True,either,4,1.5,1.0,2.0,1.3,red_or_lh,1,3,False,99.0,False,True,0.4,1.2,False,50.0,80.0,False,False,pullback_low,1.0,0.5,1.5,rr,1.2,1.0,pct,1.5,0.4,1.0,575,930,955,pessimistic,risk,1.0,2.0,4,-24.243756301987883,0.3568222512663947,66,-8.29711249033206,0.3178450299216073,26,False,-24.243756301987883
15m,True,either,4,1.5,1.0,2.0,1.3,red_or_lh,1,3,False,99.0,False,True,0.4,1.2,False,50.0,80.0,False,False,pullback_low,1.0,0.5,1.5,rr,1.5,1.0,pct,1.5,0.4,1.0,575,930,955,pessimistic,risk,1.0,2.0,4,-24.243756301987883,0.3568222512663947,66,-7.843237596924668,0.3352092083632296,26,False,-24.243756301987883
5m,True,either,4,1.5,1.0,2.0,1.0,red_or_lh,1,3,False,99.0,False,True,0.5,1.2,False,50.0,80.0,False,False,pullback_low,1.0,0.5,1.5,rr,1.2,1.0,none,1.5,0.4,1.0,575,930,955,pessimistic,risk,1.0,2.0,4,-21.171976327996322,0.9058272741177672,303,-12.241011702806471,0.8461037700906401,139,False,-24.482023405612942
5m,True,either,4,1.0,1.0,2.0,1.0,red_or_lh,1,3,False,99.0,False,True,0.4,1.2,False,50.0,80.0,False,False,pullback_low,1.0,0.5,1.5,rr,1.2,1.0,none,1.5,0.4,1.0,575,930,955,pessimistic,risk,1.0,2.0,4,-19.339995544851906,0.9473185956496051,346,-12.345782117493142,0.8440210480737015,163,False,-24.691564234986284
15m,True,either,4,1.0,1.0,2.0,1.0,red_or_lh,1,3,False,99.0,False,True,0.5,1.2,False,50.0,80.0,False,False,pullback_low,1.0,0.5,1.5,rr,1.5,1.0,none,1.5,0.4,1.0,575,930,955,pessimistic,risk,1.0,2.0,4,-24.74153789765462,0.6117852521191285,101,-1.7265943344668577,0.8307920691487721,39,False,-24.74153789765462
5m,True,either,4,1.0,1.0,2.0,1.0,red_or_lh,1,3,False,99.0,False,True,0.4,1.2,False,50.0,80.0,False,False,pullback_low,1.0,0.5,1.5,rr,1.5,1.0,pct,1.5,0.4,1.0,575,690,955,pessimistic,risk,1.0,2.0,4,-11.496046832491036,0.8261072712915174,124,-12.53790164182086,0.4010080472911046,36,False,-25.07580328364172
5m,True,either,4,1.0,1.0,2.0,1.0,red_or_lh,1,3,False,99.0,False,True,0.4,1.2,False,50.0,80.0,False,False,pullback_low,1.0,0.5,1.5,rr,1.2,1.0,pct,1.5,0.4,1.0,575,690,955,pessimistic,risk,1.0,2.0,4,-10.897525761149506,0.8403718942824638,124,-12.592217786015404,0.3996185504988353,36,False,-25.184435572030807
5m,True,either,4,1.5,1.0,2.0,1.0,red_or_lh,1,3,False,99.0,False,True,0.4,1.2,False,50.0,80.0,False,False,pullback_low,1.0,0.5,1.5,rr,1.2,1.0,none,1.5,0.4,1.0,575,930,955,pessimistic,risk,1.0,2.0,4,-16.012572267625004,0.9576219460323387,325,-12.840058193708781,0.8438923516445308,156,False,-25.680116387417563
15m,True,either,4,1.5,1.0,2.0,1.0,red_or_lh,1,3,False,99.0,False,True,0.5,1.2,False,50.0,80.0,False,False,pullback_low,1.0,0.5,1.5,rr,1.5,1.0,none,1.5,0.4,1.0,575,930,955,pessimistic,risk,1.0,2.0,4,-25.82450019481041,0.5791879102056454,100,-1.4099964601635873,0.8426541232592801,37,False,-25.82450019481041
15m,True,either,4,1.0,1.0,2.0,1.0,red_or_lh,1,3,False,99.0,False,True,0.4,1.2,False,50.0,80.0,False,False,pullback_low,1.0,0.5,1.5,rr,1.2,1.0,none,1.5,0.4,1.0,575,930,955,pessimistic,risk,1.0,2.0,4,-25.846605530990917,0.6097129038317256,108,-3.449723770348845,0.8650079019360654,47,False,-25.846605530990917
5m,True,either,4,1.5,1.0,2.0,1.0,red_or_lh,1,3,False,99.0,False,True,0.3,1.2,False,50.0,80.0,False,False,pullback_low,1.0,0.5,1.5,rr,1.2,1.0,pct,1.5,0.4,1.0,575,690,955,pessimistic,risk,1.0,2.0,4,-11.8401685383148,0.8149789043109703,130,-13.23175155579449,0.41458140110177105,41,False,-26.46350311158898
15m,True,either,4,1.0,1.0,2.0,1.0,red_or_lh,1,3,False,99.0,False,True,0.5,1.2,False,50.0,80.0,False,False,pullback_low,1.0,0.5,1.5,rr,1.2,1.0,none,1.5,0.4,1.0,575,930,955,pessimistic,risk,1.0,2.0,4,-27.34253781477898,0.5523146184324158,105,-2.8919687431967156,0.7854145749909579,42,False,-27.34253781477898
15m,True,either,4,1.5,1.0,2.0,1.0,red_or_lh,1,3,False,99.0,False,True,0.4,1.2,False,50.0,80.0,False,False,pullback_low,1.0,0.5,1.5,rr,1.2,1.0,none,1.5,0.4,1.0,575,930,955,pessimistic,risk,1.0,2.0,4,-27.499515073645032,0.5717348973553569,106,-1.4801991649036617,0.9460324502346035,45,False,-27.499515073645032
5m,True,either,4,1.5,1.0,2.0,1.0,red_or_lh,1,3,False,99.0,False,True,0.3,1.2,False,50.0,80.0,False,False,pullback_low,1.0,0.5,1.5,rr,1.5,1.0,pct,1.5,0.4,1.0,575,690,955,pessimistic,risk,1.0,2.0,4,-12.43235766916082,0.8014562471022868,130,-13.782403820497013,0.4010963324259492,41,False,-27.564807640994026
5m,True,either,4,1.0,1.0,2.0,1.0,red_or_lh,1,3,False,99.0,False,True,0.3,1.2,False,50.0,80.0,False,False,pullback_low,1.0,0.5,1.5,rr,1.2,1.0,none,1.5,0.4,1.0,575,930,955,pessimistic,risk,1.0,2.0,4,-15.292743676375409,0.9900759693710548,356,-14.05262466947379,0.8467712956362763,175,False,-28.10524933894758
15m,True,either,4,1.0,1.0,2.0,1.0,red_or_lh,1,3,False,99.0,False,True,0.3,1.2,False,50.0,80.0,False,False,pullback_low,1.0,0.5,1.5,rr,1.2,1.0,none,1.5,0.4,1.0,575,930,955,pessimistic,risk,1.0,2.0,4,-28.10669034674068,0.5838011757747461,115,-0.3901392475426424,0.9639561491416248,48,False,-28.10669034674068
15m,True,either,4,1.5,1.0,2.0,1.0,red_or_lh,1,3,False,99.0,False,True,0.5,1.2,False,50.0,80.0,False,False,pullback_low,1.0,0.5,1.5,rr,1.2,1.0,none,1.5,0.4,1.0,575,930,955,pessimistic,risk,1.0,2.0,4,-28.175699698278866,0.5270453514362466,104,-2.896889347277354,0.7866144505751913,40,False,-28.175699698278866
5m,True,either,4,1.0,1.0,2.0,1.0,red_or_lh,1,3,False,99.0,False,True,0.3,1.2,False,50.0,80.0,False,False,pullback_low,1.0,0.5,1.5,rr,1.5,1.0,none,1.5,0.4,1.0,575,930,955,pessimistic,risk,1.0,2.0,4,0.5369417201651627,1.0746522610417022,325,-14.107697186159186,0.8626643600423844,164,False,-28.21539437231837
5m,True,either,4,1.0,1.0,2.0,1.0,red_or_lh,1,3,False,99.0,False,True,0.3,1.2,False,50.0,80.0,False,False,pullback_low,1.0,0.5,1.5,rr,1.2,1.0,pct,1.5,0.4,1.0,575,690,955,pessimistic,risk,1.0,2.0,4,-12.798023674130409,0.8031102944092059,131,-14.182293465573991,0.4033600797132224,42,False,-28.364586931147983
5m,True,either,4,1.5,1.0,2.0,1.0,red_or_lh,1,3,False,99.0,False,True,0.4,1.2,False,50.0,80.0,False,False,pullback_low,1.0,0.5,1.5,rr,1.5,1.0,none,1.5,0.4,1.0,575,930,955,pessimistic,risk,1.0,2.0,4,-6.628357995281764,1.026283557537308,298,-14.332115759270048,0.838889947702309,147,False,-28.664231518540095
15m,True,either,4,1.5,1.0,2.0,1.0,red_or_lh,1,3,False,99.0,False,True,0.3,1.2,False,50.0,80.0,False,False,pullback_low,1.0,0.5,1.5,rr,1.2,1.0,none,1.5,0.4,1.0,575,930,955,pessimistic,risk,1.0,2.0,4,-28.98549059558301,0.5590204009206711,110,-0.39518662293419604,0.971508586843103,46,False,-28.98549059558301
5m,True,either,4,1.0,1.0,2.0,1.0,red_or_lh,1,3,False,99.0,False,True,0.3,1.2,False,50.0,80.0,False,False,pullback_low,1.0,0.5,1.5,rr,1.5,1.0,pct,1.5,0.4,1.0,575,690,955,pessimistic,risk,1.0,2.0,4,-13.383778679695713,0.7897845688540858,131,-14.726913361700456,0.3902400064017751,42,False,-29.453826723400912
15m,True,either,4,1.5,1.0,2.0,1.0,red_or_lh,1,3,False,99.0,False,True,0.5,1.2,False,50.0,80.0,False,False,pullback_low,1.0,0.5,1.5,rr,1.2,1.0,pct,1.5,0.4,1.0,575,930,955,pessimistic,risk,1.0,2.0,4,-30.23472543426482,0.4035663612560988,106,-9.21233620749321,0.4399852643465591,41,False,-30.23472543426482
15m,True,either,4,1.5,1.0,2.0,1.0,red_or_lh,1,3,False,99.0,False,True,0.5,1.2,False,50.0,80.0,False,False,pullback_low,1.0,0.5,1.5,rr,1.5,1.0,pct,1.5,0.4,1.0,575,930,955,pessimistic,risk,1.0,2.0,4,-30.37561449910958,0.40194364472355737,106,-8.76299112855895,0.4531601340129886,41,False,-30.37561449910958
5m,True,either,4,1.5,1.0,2.0,1.0,red_or_lh,1,3,False,99.0,False,True,0.5,1.2,False,50.0,80.0,False,False,pullback_low,1.0,0.5,1.5,rr,1.5,1.0,none,1.5,0.4,1.0,575,930,955,pessimistic,risk,1.0,2.0,4,-10.400961196969583,0.9774368940301693,281,-15.205018153238514,0.8203907409853394,132,False,-30.41003630647703
5m,True,either,4,1.5,1.0,2.0,1.3,red_or_lh,1,3,False,99.0,False,True,0.4,1.2,False,50.0,80.0,False,False,pullback_low,1.0,0.5,1.5,rr,1.2,1.0,none,1.5,0.4,1.0,575,930,955,pessimistic,risk,1.0,2.0,4,-10.151976171329213,0.9461685294935543,205,-15.21318535884183,0.7771062251984557,91,False,-30.42637071768366
15m,True,either,4,1.0,1.0,2.0,1.0,red_or_lh,1,3,False,99.0,False,True,0.5,1.2,False,50.0,80.0,False,False,pullback_low,1.0,0.5,1.5,rr,1.2,1.0,pct,1.5,0.4,1.0,575,930,955,pessimistic,risk,1.0,2.0,4,-30.739444086232513,0.40607008338825323,108,-10.72595389502763,0.4169467394477334,43,False,-30.739444086232513
5m,True,either,4,1.5,1.0,2.0,1.3,red_or_lh,1,3,False,99.0,False,True,0.4,1.2,False,50.0,80.0,False,False,pullback_low,1.0,0.5,1.5,rr,1.5,1.0,none,1.5,0.4,1.0,575,930,955,pessimistic,risk,1.0,2.0,4,-3.306680468166001,1.022373976661958,196,-15.439302282035893,0.7744760971130574,90,False,-30.878604564071786
15m,True,either,4,1.0,1.0,2.0,1.0,red_or_lh,1,3,False,99.0,False,True,0.5,1.2,False,50.0,80.0,False,False,pullback_low,1.0,0.5,1.5,rr,1.5,1.0,pct,1.5,0.4,1.0,575,930,955,pessimistic,risk,1.0,2.0,4,-30.879313885556858,0.40448337635642007,108,-10.28410032574204,0.4294317460950011,43,False,-30.879313885556858
15m,True,either,4,1.5,1.0,2.0,1.0,red_or_lh,1,3,False,99.0,False,True,0.4,1.2,False,50.0,80.0,False,False,pullback_low,1.0,0.5,1.5,rr,1.2,1.0,pct,1.5,0.4,1.0,575,930,955,pessimistic,risk,1.0,2.0,4,-31.983654646890326,0.3871836020005023,109,-9.764391166784392,0.498970258879576,46,False,-31.983654646890326
15m,True,either,4,1.5,1.0,2.0,1.0,red_or_lh,1,3,False,99.0,False,True,0.4,1.2,False,50.0,80.0,False,False,pullback_low,1.0,0.5,1.5,rr,1.5,1.0,pct,1.5,0.4,1.0,575,930,955,pessimistic,risk,1.0,2.0,4,-32.12101179699981,0.3856241752039201,109,-9.317778432409895,0.511510692840339,46,False,-32.12101179699981
15m,True,either,4,1.5,1.0,2.0,1.0,red_or_lh,1,3,False,99.0,False,True,0.3,1.2,False,50.0,80.0,False,False,pullback_low,1.0,0.5,1.5,rr,1.2,1.0,pct,1.5,0.4,1.0,575,930,955,pessimistic,risk,1.0,2.0,4,-32.534867998268034,0.3905496362169044,114,-10.997504453059449,0.4682158196926801,48,False,-32.534867998268034
15m,True,either,4,1.5,1.0,2.0,1.0,red_or_lh,1,3,False,99.0,False,True,0.3,1.2,False,50.0,80.0,False,False,pullback_low,1.0,0.5,1.5,rr,1.5,1.0,pct,1.5,0.4,1.0,575,930,955,pessimistic,risk,1.0,2.0,4,-32.67111198808267,0.38905658822421335,114,-10.556994897947547,0.4803541098495619,48,False,-32.67111198808267
5m,True,either,4,1.5,1.0,2.0,1.3,red_or_lh,1,3,False,99.0,False,True,0.3,1.2,False,50.0,80.0,False,False,pullback_low,1.0,0.5,1.5,rr,1.5,1.0,none,1.5,0.4,1.0,575,930,955,pessimistic,risk,1.0,2.0,4,-1.9160992859694415,1.05141216017847,202,-16.558796201321037,0.7925233130360388,98,False,-33.117592402642074
15m,True,either,4,1.0,1.0,2.0,1.0,red_or_lh,1,3,False,99.0,False,True,0.4,1.2,False,50.0,80.0,False,False,pullback_low,1.0,0.5,1.5,rr,1.2,1.0,pct,1.5,0.4,1.0,575,930,955,pessimistic,risk,1.0,2.0,4,-33.3642233220936,0.37325470537872546,113,-13.047050283887874,0.4224910223281828,48,False,-33.3642233220936
15m,True,either,4,1.0,1.0,2.0,1.0,red_or_lh,1,3,False,99.0,False,True,0.4,1.2,False,50.0,80.0,False,False,pullback_low,1.0,0.5,1.5,rr,1.5,1.0,pct,1.5,0.4,1.0,575,930,955,pessimistic,risk,1.0,2.0,4,-33.4987924515035,0.3717630057368762,113,-12.875216256142464,0.4265183886121702,48,False,-33.4987924515035
5m,True,either,4,1.5,1.0,2.0,1.0,red_or_lh,1,3,False,99.0,False,True,0.3,1.2,False,50.0,80.0,False,False,pullback_low,1.0,0.5,1.5,rr,1.2,1.0,none,1.5,0.4,1.0,575,930,955,pessimistic,risk,1.0,2.0,4,-16.256535549542907,0.9648537506657301,340,-16.885990733320465,0.8115004381084259,167,False,-33.77198146664093
15m,True,either,4,1.0,1.0,2.0,1.0,red_or_lh,1,3,False,99.0,False,True,0.3,1.2,False,50.0,80.0,False,False,pullback_low,1.0,0.5,1.5,rr,1.2,1.0,pct,1.5,0.4,1.0,575,930,955,pessimistic,risk,1.0,2.0,4,-34.50225984995504,0.38439795125530674,118,-12.481359702407469,0.44553458481542974,50,False,-34.50225984995504
15m,True,either,4,1.0,1.0,2.0,1.0,red_or_lh,1,3,False,99.0,False,True,0.3,1.2,False,50.0,80.0,False,False,pullback_low,1.0,0.5,1.5,rr,1.5,1.0,pct,1.5,0.4,1.0,575,930,955,pessimistic,risk,1.0,2.0,4,-34.63453074570689,0.3829655659135433,118,-12.048194350530784,0.457084873887177,50,False,-34.63453074570689
5m,True,either,4,1.0,1.0,2.0,1.3,red_or_lh,1,3,False,99.0,False,True,0.4,1.2,False,50.0,80.0,False,False,pullback_low,1.0,0.5,1.5,rr,1.5,1.0,none,1.5,0.4,1.0,575,930,955,pessimistic,risk,1.0,2.0,4,-2.3570784095311215,1.0349425463503403,205,-17.32419365091482,0.7430256447690838,96,False,-34.64838730182964
5m,True,either,4,1.5,1.0,2.0,1.3,red_or_lh,1,3,False,99.0,False,True,0.5,1.2,False,50.0,80.0,False,False,pullback_low,1.0,0.5,1.5,rr,1.2,1.0,none,1.5,0.4,1.0,575,930,955,pessimistic,risk,1.0,2.0,4,-9.594578521954578,0.9484394085717883,191,-17.633882874270512,0.6952578349936861,81,False,-35.267765748541024
5m,True,either,4,1.5,1.0,2.0,1.3,red_or_lh,1,3,False,99.0,False,True,0.3,1.2,False,50.0,80.0,False,False,pullback_low,1.0,0.5,1.5,rr,1.2,1.0,none,1.5,0.4,1.0,575,930,955,pessimistic,risk,1.0,2.0,4,-10.121589471000359,0.9604241790147251,211,-17.893953012326524,0.7397413560778187,98,False,-35.78790602465305
5m,True,either,4,1.0,1.0,2.0,1.3,red_or_lh,1,3,False,99.0,False,True,0.4,1.2,False,50.0,80.0,False,False,pullback_low,1.0,0.5,1.5,rr,1.2,1.0,none,1.5,0.4,1.0,575,930,955,pessimistic,risk,1.0,2.0,4,-9.745337071168613,0.9569946009171811,215,-18.07667948579912,0.7304767958201293,98,False,-36.15335897159824
5m,True,either,4,1.5,1.0,2.0,1.0,red_or_lh,1,3,False,99.0,False,True,0.3,1.2,False,50.0,80.0,False,False,pullback_low,1.0,0.5,1.5,rr,1.5,1.0,none,1.5,0.4,1.0,575,930,955,pessimistic,risk,1.0,2.0,4,-3.7939037103924655,1.0572105518836885,311,-18.59737711913283,0.8084338757566896,159,False,-37.19475423826566
5m,True,either,4,1.0,1.0,2.0,1.3,red_or_lh,1,3,False,99.0,False,True,0.3,1.2,False,50.0,80.0,False,False,pullback_low,1.0,0.5,1.5,rr,1.5,1.0,none,1.5,0.4,1.0,575,930,955,pessimistic,risk,1.0,2.0,4,1.3892989479735496,1.0894499200264185,209,-18.873802044164158,0.726272679471135,104,False,-37.747604088328316
5m,True,either,4,1.5,1.0,2.0,1.3,red_or_lh,1,3,False,99.0,False,True,0.5,1.2,False,50.0,80.0,False,False,pullback_low,1.0,0.5,1.5,rr,1.5,1.0,none,1.5,0.4,1.0,575,930,955,pessimistic,risk,1.0,2.0,4,-6.4211604395604915,0.9936982067859186,184,-19.186807911115334,0.6688797499197178,80,False,-38.37361582223067
5m,True,either,4,1.0,1.0,2.0,1.3,red_or_lh,1,3,False,99.0,False,True,0.5,1.2,False,50.0,80.0,False,False,pullback_low,1.0,0.5,1.5,rr,1.2,1.0,none,1.5,0.4,1.0,575,930,955,pessimistic,risk,1.0,2.0,4,-10.55519267617261,0.9437269481178173,197,-19.949616734079466,0.6583815790841194,86,False,-39.89923346815893
5m,True,either,4,1.0,1.0,2.0,1.3,red_or_lh,1,3,False,99.0,False,True,0.3,1.2,False,50.0,80.0,False,False,pullback_low,1.0,0.5,1.5,rr,1.2,1.0,none,1.5,0.4,1.0,575,930,955,pessimistic,risk,1.0,2.0,4,-8.239444959039076,0.9902090672835642,220,-20.1066454984286,0.7066741765570073,106,False,-40.2132909968572
5m,True,either,4,1.0,1.0,2.0,1.3,red_or_lh,1,3,False,99.0,False,True,0.5,1.2,False,50.0,80.0,False,False,pullback_low,1.0,0.5,1.5,rr,1.5,1.0,none,1.5,0.4,1.0,575,930,955,pessimistic,risk,1.0,2.0,4,-7.274432378455642,0.9896427127530836,189,-20.651624417851487,0.6458660571284411,84,False,-41.30324883570297
5m,True,either,4,1.5,1.0,2.0,1.3,red_or_lh,1,3,False,99.0,False,True,0.4,1.2,False,50.0,80.0,False,False,pullback_low,1.0,0.5,1.5,rr,1.2,1.0,pct,1.5,0.4,1.0,575,930,955,pessimistic,risk,1.0,2.0,4,-36.260443716769885,0.6283862982840909,206,-22.196788038596328,0.5024930726665038,91,False,-44.393576077192655
5m,True,either,4,1.5,1.0,2.0,1.3,red_or_lh,1,3,False,99.0,False,True,0.4,1.2,False,50.0,80.0,False,False,pullback_low,1.0,0.5,1.5,rr,1.5,1.0,pct,1.5,0.4,1.0,575,930,955,pessimistic,risk,1.0,2.0,4,-37.774708112650615,0.6097948109652984,206,-22.63324857336002,0.4973744957068117,91,False,-45.26649714672004
5m,True,either,4,1.0,1.0,2.0,1.3,red_or_lh,1,3,False,99.0,False,True,0.4,1.2,False,50.0,80.0,False,False,pullback_low,1.0,0.5,1.5,rr,1.2,1.0,pct,1.5,0.4,1.0,575,930,955,pessimistic,risk,1.0,2.0,4,-36.108414894148055,0.6459911926529867,217,-24.188435390546516,0.5034444627059778,98,False,-48.37687078109303
5m,True,either,4,1.0,1.0,2.0,1.3,red_or_lh,1,3,False,99.0,False,True,0.4,1.2,False,50.0,80.0,False,False,pullback_low,1.0,0.5,1.5,rr,1.5,1.0,pct,1.5,0.4,1.0,575,930,955,pessimistic,risk,1.0,2.0,4,-37.489427396292676,0.6292456227457808,217,-24.613723180042022,0.49857737262975466,98,False,-49.227446360084045
5m,True,either,4,1.5,1.0,2.0,1.3,red_or_lh,1,3,False,99.0,False,True,0.5,1.2,False,50.0,80.0,False,False,pullback_low,1.0,0.5,1.5,rr,1.5,1.0,pct,1.5,0.4,1.0,575,930,955,pessimistic,risk,1.0,2.0,4,-34.76668142712725,0.6279434004534148,192,-24.803150515950968,0.4003569184736487,81,False,-49.606301031901936
5m,True,either,4,1.5,1.0,2.0,1.3,red_or_lh,1,3,False,99.0,False,True,0.3,1.2,False,50.0,80.0,False,False,pullback_low,1.0,0.5,1.5,rr,1.2,1.0,pct,1.5,0.4,1.0,575,930,955,pessimistic,risk,1.0,2.0,4,-37.16789371450923,0.6203151197231423,212,-24.8667652918371,0.4858312245086566,98,False,-49.7335305836742
5m,True,either,4,1.5,1.0,2.0,1.3,red_or_lh,1,3,False,99.0,False,True,0.5,1.2,False,50.0,80.0,False,False,pullback_low,1.0,0.5,1.5,rr,1.2,1.0,pct,1.5,0.4,1.0,575,930,955,pessimistic,risk,1.0,2.0,4,-33.179216125737,0.648043466784492,192,-24.919191385893036,0.39645455944498176,81,False,-49.83838277178607
5m,True,either,4,1.0,1.0,2.0,1.3,red_or_lh,1,3,False,99.0,False,True,0.5,1.2,False,50.0,80.0,False,False,pullback_low,1.0,0.5,1.5,rr,1.5,1.0,pct,1.5,0.4,1.0,575,930,955,pessimistic,risk,1.0,2.0,4,-35.25540633145864,0.6312646385010485,199,-25.68330526112288,0.41681458772076047,86,False,-51.36661052224576
5m,True,either,4,1.0,1.0,2.0,1.3,red_or_lh,1,3,False,99.0,False,True,0.5,1.2,False,50.0,80.0,False,False,pullback_low,1.0,0.5,1.5,rr,1.2,1.0,pct,1.5,0.4,1.0,575,930,955,pessimistic,risk,1.0,2.0,4,-33.67983424421921,0.6508626307385318,199,-25.797987910301522,0.41306658219867565,86,False,-51.595975820603044
5m,True,either,4,1.5,1.0,2.0,1.3,red_or_lh,1,3,False,99.0,False,True,0.3,1.2,False,50.0,80.0,False,False,pullback_low,1.0,0.5,1.5,rr,1.5,1.0,pct,1.5,0.4,1.0,575,930,955,pessimistic,risk,1.0,2.0,4,-38.66059976730215,0.6022955080006857,212,-25.80849002203901,0.47157318630125233,98,False,-51.61698004407802
5m,True,either,4,1.0,1.0,2.0,1.3,red_or_lh,1,3,False,99.0,False,True,0.3,1.2,False,50.0,80.0,False,False,pullback_low,1.0,0.5,1.5,rr,1.2,1.0,pct,1.5,0.4,1.0,575,930,955,pessimistic,risk,1.0,2.0,4,-36.28999175365669,0.6512681657866468,223,-27.485132537416433,0.4817212104515553,107,False,-54.97026507483287
5m,True,either,4,1.0,1.0,2.0,1.3,red_or_lh,1,3,False,99.0,False,True,0.3,1.2,False,50.0,80.0,False,False,pullback_low,1.0,0.5,1.5,rr,1.5,1.0,pct,1.5,0.4,1.0,575,930,955,pessimistic,risk,1.0,2.0,4,-37.66707948366322,0.6348729157455251,223,-28.39403848645592,0.46830820554797487,107,False,-56.78807697291184
5m,True,either,4,1.5,1.0,2.0,1.0,red_or_lh,1,3,False,99.0,False,True,0.4,1.2,False,50.0,80.0,False,False,pullback_low,1.0,0.5,1.5,rr,1.2,1.0,pct,1.5,0.4,1.0,575,930,955,pessimistic,risk,1.0,2.0,4,-53.672105606438,0.6064350092572857,340,-34.2108669664052,0.4607660338035721,159,False,-68.4217339328104
5m,True,either,4,1.5,1.0,2.0,1.0,red_or_lh,1,3,False,99.0,False,True,0.5,1.2,False,50.0,80.0,False,False,pullback_low,1.0,0.5,1.5,rr,1.2,1.0,pct,1.5,0.4,1.0,575,930,955,pessimistic,risk,1.0,2.0,4,-52.62533033032055,0.594231231401045,313,-34.634902195461194,0.42219705440797645,142,False,-69.26980439092239
5m,True,either,4,1.5,1.0,2.0,1.0,red_or_lh,1,3,False,99.0,False,True,0.4,1.2,False,50.0,80.0,False,False,pullback_low,1.0,0.5,1.5,rr,1.5,1.0,pct,1.5,0.4,1.0,575,930,955,pessimistic,risk,1.0,2.0,4,-55.0143531464913,0.5894429587210155,337,-35.53786783527988,0.4418299568164978,158,False,-71.07573567055977
5m,True,either,4,1.5,1.0,2.0,1.0,red_or_lh,1,3,False,99.0,False,True,0.5,1.2,False,50.0,80.0,False,False,pullback_low,1.0,0.5,1.5,rr,1.5,1.0,pct,1.5,0.4,1.0,575,930,955,pessimistic,risk,1.0,2.0,4,-52.81207872536689,0.5873200383706872,311,-35.62643092234574,0.4044836500452528,141,False,-71.25286184469148
5m,True,either,4,1.0,1.0,2.0,1.0,red_or_lh,1,3,False,99.0,False,True,0.5,1.2,False,50.0,80.0,False,False,pullback_low,1.0,0.5,1.5,rr,1.2,1.0,pct,1.5,0.4,1.0,575,930,955,pessimistic,risk,1.0,2.0,4,-55.6202535809577,0.5762704843649012,330,-35.86555021705752,0.43628724116477824,152,False,-71.73110043411504
5m,True,either,4,1.0,1.0,2.0,1.0,red_or_lh,1,3,False,99.0,False,True,0.4,1.2,False,50.0,80.0,False,False,pullback_low,1.0,0.5,1.5,rr,1.2,1.0,pct,1.5,0.4,1.0,575,930,955,pessimistic,risk,1.0,2.0,4,-56.56854636450031,0.5981535607474374,360,-36.55527936360161,0.46137551763943935,170,False,-73.11055872720323
5m,True,either,4,1.0,1.0,2.0,1.0,red_or_lh,1,3,False,99.0,False,True,0.5,1.2,False,50.0,80.0,False,False,pullback_low,1.0,0.5,1.5,rr,1.5,1.0,pct,1.5,0.4,1.0,575,930,955,pessimistic,risk,1.0,2.0,4,-55.49533030880838,0.5740335281645832,324,-36.70699067494914,0.4211823745004963,151,False,-73.41398134989828
5m,True,either,4,1.0,1.0,2.0,1.0,red_or_lh,1,3,False,99.0,False,True,0.4,1.2,False,50.0,80.0,False,False,pullback_low,1.0,0.5,1.5,rr,1.5,1.0,pct,1.5,0.4,1.0,575,930,955,pessimistic,risk,1.0,2.0,4,-56.462299324497025,0.5912545101372877,354,-38.407919949821576,0.4389559577906357,170,False,-76.81583989964315
5m,True,either,4,1.5,1.0,2.0,1.0,red_or_lh,1,3,False,99.0,False,True,0.3,1.2,False,50.0,80.0,False,False,pullback_low,1.0,0.5,1.5,rr,1.2,1.0,pct,1.5,0.4,1.0,575,930,955,pessimistic,risk,1.0,2.0,4,-57.85802833065905,0.5767965791914819,353,-39.09493333609798,0.43511250770936194,171,False,-78.18986667219596
5m,True,either,4,1.5,1.0,2.0,1.0,red_or_lh,1,3,False,99.0,False,True,0.3,1.2,False,50.0,80.0,False,False,pullback_low,1.0,0.5,1.5,rr,1.5,1.0,pct,1.5,0.4,1.0,575,930,955,pessimistic,risk,1.0,2.0,4,-58.55492817225586,0.5645509457510636,351,-40.84888716129874,0.4108724746816276,170,False,-81.69777432259748
5m,True,either,4,1.0,1.0,2.0,1.0,red_or_lh,1,3,False,99.0,False,True,0.3,1.2,False,50.0,80.0,False,False,pullback_low,1.0,0.5,1.5,rr,1.2,1.0,pct,1.5,0.4,1.0,575,930,955,pessimistic,risk,1.0,2.0,4,-58.054645454546396,0.5931220396637699,371,-41.02218630123947,0.4462575549172766,184,False,-82.04437260247894
5m,True,either,4,1.0,1.0,2.0,1.0,red_or_lh,1,3,False,99.0,False,True,0.3,1.2,False,50.0,80.0,False,False,pullback_low,1.0,0.5,1.5,rr,1.5,1.0,pct,1.5,0.4,1.0,575,930,955,pessimistic,risk,1.0,2.0,4,-57.724460350227645,0.5891887478071332,368,-43.897252412104514,0.41244305664364644,183,False,-87.79450482420903
