stage,run,window,overrides,total_return,cagr,sharpe,max_drawdown,profit_multiple_vs_spy,n_trades,win_rate,avg_R,profit_factor,avg_exposure,n_triggered,elapsed_s
baseline,base,IS,{},0.0598,0.0045,0.106,-0.5324,0.037,1208,0.231,0.027,1.01,0.7676,1208,40.0
quality,"{""entry.bo_vol_mult"": 0.0, ""entry.rank_by"": ""rs"", ""tt.rs_per",IS,"{""entry.bo_vol_mult"": 0.0, ""entry.rank_by"": ""rs"", ""tt.rs_percentile_min"": 70.0}",0.0598,0.0045,0.106,-0.5324,0.037,1208,0.231,0.027,1.01,0.7676,1208,0.9
quality,"{""entry.bo_vol_mult"": 0.0, ""entry.rank_by"": ""rs"", ""tt.rs_per",IS,"{""entry.bo_vol_mult"": 0.0, ""entry.rank_by"": ""rs"", ""tt.rs_percentile_min"": 85.0}",0.0626,0.0047,0.104,-0.3925,0.039,1011,0.2087,-0.019,1.015,0.6559,1011,3.3
quality,"{""entry.bo_vol_mult"": 0.0, ""entry.rank_by"": ""tightness"", ""tt",IS,"{""entry.bo_vol_mult"": 0.0, ""entry.rank_by"": ""tightness"", ""tt.rs_percentile_min"": 70.0}",0.8427,0.0482,0.425,-0.3315,0.522,1048,0.2529,0.085,1.165,0.7719,1048,0.8
quality,"{""entry.bo_vol_mult"": 0.0, ""entry.rank_by"": ""tightness"", ""tt",IS,"{""entry.bo_vol_mult"": 0.0, ""entry.rank_by"": ""tightness"", ""tt.rs_percentile_min"": 85.0}",-0.0553,-0.0044,0.038,-0.3451,-0.034,971,0.2214,-0.01,0.985,0.6588,971,0.8
quality,"{""entry.bo_vol_mult"": 1.4, ""entry.rank_by"": ""rs"", ""tt.rs_per",IS,"{""entry.bo_vol_mult"": 1.4, ""entry.rank_by"": ""rs"", ""tt.rs_percentile_min"": 70.0}",1.0377,0.0563,0.466,-0.2011,0.643,947,0.2682,0.122,1.191,0.6624,947,1.4
quality,"{""entry.bo_vol_mult"": 1.4, ""entry.rank_by"": ""rs"", ""tt.rs_per",IS,"{""entry.bo_vol_mult"": 1.4, ""entry.rank_by"": ""rs"", ""tt.rs_percentile_min"": 85.0}",0.734,0.0433,0.402,-0.3055,0.455,689,0.2511,0.114,1.162,0.4876,689,1.0
quality,"{""entry.bo_vol_mult"": 1.4, ""entry.rank_by"": ""tightness"", ""tt",IS,"{""entry.bo_vol_mult"": 1.4, ""entry.rank_by"": ""tightness"", ""tt.rs_percentile_min"": 70.0}",1.0468,0.0567,0.497,-0.2852,0.649,875,0.2743,0.108,1.21,0.6716,875,1.3
quality,"{""entry.bo_vol_mult"": 1.4, ""entry.rank_by"": ""tightness"", ""tt",IS,"{""entry.bo_vol_mult"": 1.4, ""entry.rank_by"": ""tightness"", ""tt.rs_percentile_min"": 85.0}",0.6044,0.0371,0.358,-0.2905,0.375,674,0.2448,0.104,1.14,0.4837,674,1.0
vcp_shape,"{""vcp.min_contractions"": 2, ""vcp.final_depth_max"": 0.06, ""vc",IS,"{""entry.bo_vol_mult"": 1.4, ""entry.rank_by"": ""tightness"", ""tt.rs_percentile_min"": 70.0, ""vcp.contraction_ratio_max"": 0.5, ""vcp.final_depth_max"": 0.06, ""vcp.min_contractions"": 2, ""vcp.vdu_ratio_max"": 0.7}",0.1727,0.0123,0.18,-0.2599,0.107,492,0.2358,0.052,1.071,0.3694,492,13.3
vcp_shape,"{""vcp.min_contractions"": 2, ""vcp.final_depth_max"": 0.06, ""vc",IS,"{""entry.bo_vol_mult"": 1.4, ""entry.rank_by"": ""tightness"", ""tt.rs_percentile_min"": 70.0, ""vcp.contraction_ratio_max"": 0.75, ""vcp.final_depth_max"": 0.06, ""vcp.min_contractions"": 2, ""vcp.vdu_ratio_max"": 0.7}",0.2563,0.0177,0.226,-0.275,0.159,606,0.236,0.045,1.086,0.4538,606,15.2
vcp_shape,"{""vcp.min_contractions"": 2, ""vcp.final_depth_max"": 0.06, ""vc",IS,"{""entry.bo_vol_mult"": 1.4, ""entry.rank_by"": ""tightness"", ""tt.rs_percentile_min"": 70.0, ""vcp.contraction_ratio_max"": 0.5, ""vcp.final_depth_max"": 0.06, ""vcp.min_contractions"": 2, ""vcp.vdu_ratio_max"": 1.0}",0.8215,0.0472,0.466,-0.3554,0.509,800,0.285,0.113,1.177,0.6168,800,14.3
vcp_shape,"{""vcp.min_contractions"": 2, ""vcp.final_depth_max"": 0.06, ""vc",IS,"{""entry.bo_vol_mult"": 1.4, ""entry.rank_by"": ""tightness"", ""tt.rs_percentile_min"": 70.0, ""vcp.contraction_ratio_max"": 0.75, ""vcp.final_depth_max"": 0.06, ""vcp.min_contractions"": 2, ""vcp.vdu_ratio_max"": 1.0}",0.8379,0.048,0.45,-0.3418,0.519,857,0.287,0.108,1.177,0.6685,857,16.8
vcp_shape,"{""vcp.min_contractions"": 2, ""vcp.final_depth_max"": 0.1, ""vcp",IS,"{""entry.bo_vol_mult"": 1.4, ""entry.rank_by"": ""tightness"", ""tt.rs_percentile_min"": 70.0, ""vcp.contraction_ratio_max"": 0.5, ""vcp.final_depth_max"": 0.1, ""vcp.min_contractions"": 2, ""vcp.vdu_ratio_max"": 0.7}",0.5811,0.0359,0.398,-0.2658,0.36,573,0.2356,0.077,1.175,0.4057,573,13.9
vcp_shape,"{""vcp.min_contractions"": 2, ""vcp.final_depth_max"": 0.1, ""vcp",IS,"{""entry.bo_vol_mult"": 1.4, ""entry.rank_by"": ""tightness"", ""tt.rs_percentile_min"": 70.0, ""vcp.contraction_ratio_max"": 0.75, ""vcp.final_depth_max"": 0.1, ""vcp.min_contractions"": 2, ""vcp.vdu_ratio_max"": 0.7}",0.7891,0.0458,0.449,-0.2959,0.489,707,0.2475,0.095,1.193,0.5199,707,14.4
vcp_shape,"{""vcp.min_contractions"": 2, ""vcp.final_depth_max"": 0.1, ""vcp",IS,"{""entry.bo_vol_mult"": 1.4, ""entry.rank_by"": ""tightness"", ""tt.rs_percentile_min"": 70.0, ""vcp.contraction_ratio_max"": 0.5, ""vcp.final_depth_max"": 0.1, ""vcp.min_contractions"": 2, ""vcp.vdu_ratio_max"": 1.0}",1.229,0.0636,0.561,-0.3377,0.762,862,0.2865,0.136,1.224,0.6555,862,14.5
vcp_shape,"{""vcp.min_contractions"": 2, ""vcp.final_depth_max"": 0.1, ""vcp",IS,"{""entry.bo_vol_mult"": 1.4, ""entry.rank_by"": ""tightness"", ""tt.rs_percentile_min"": 70.0, ""vcp.contraction_ratio_max"": 0.75, ""vcp.final_depth_max"": 0.1, ""vcp.min_contractions"": 2, ""vcp.vdu_ratio_max"": 1.0}",1.134,0.0601,0.501,-0.3866,0.703,968,0.2841,0.135,1.183,0.7196,968,16.7
vcp_shape,"{""vcp.min_contractions"": 3, ""vcp.final_depth_max"": 0.06, ""vc",IS,"{""entry.bo_vol_mult"": 1.4, ""entry.rank_by"": ""tightness"", ""tt.rs_percentile_min"": 70.0, ""vcp.contraction_ratio_max"": 0.5, ""vcp.final_depth_max"": 0.06, ""vcp.min_contractions"": 3, ""vcp.vdu_ratio_max"": 0.7}",0.2748,0.0189,0.254,-0.2086,0.17,452,0.25,0.092,1.12,0.3471,452,12.1
vcp_shape,"{""vcp.min_contractions"": 3, ""vcp.final_depth_max"": 0.06, ""vc",IS,"{""entry.bo_vol_mult"": 1.4, ""entry.rank_by"": ""tightness"", ""tt.rs_percentile_min"": 70.0, ""vcp.contraction_ratio_max"": 0.75, ""vcp.final_depth_max"": 0.06, ""vcp.min_contractions"": 3, ""vcp.vdu_ratio_max"": 0.7}",0.3163,0.0214,0.266,-0.2126,0.196,549,0.2514,0.085,1.124,0.4281,549,13.1
vcp_shape,"{""vcp.min_contractions"": 3, ""vcp.final_depth_max"": 0.06, ""vc",IS,"{""entry.bo_vol_mult"": 1.4, ""entry.rank_by"": ""tightness"", ""tt.rs_percentile_min"": 70.0, ""vcp.contraction_ratio_max"": 0.5, ""vcp.final_depth_max"": 0.06, ""vcp.min_contractions"": 3, ""vcp.vdu_ratio_max"": 1.0}",1.3818,0.0691,0.647,-0.2541,0.856,756,0.2989,0.175,1.282,0.595,756,12.6
vcp_shape,"{""vcp.min_contractions"": 3, ""vcp.final_depth_max"": 0.06, ""vc",IS,"{""entry.bo_vol_mult"": 1.4, ""entry.rank_by"": ""tightness"", ""tt.rs_percentile_min"": 70.0, ""vcp.contraction_ratio_max"": 0.75, ""vcp.final_depth_max"": 0.06, ""vcp.min_contractions"": 3, ""vcp.vdu_ratio_max"": 1.0}",0.7728,0.045,0.431,-0.3276,0.479,816,0.2843,0.11,1.169,0.6505,816,14.5
vcp_shape,"{""vcp.min_contractions"": 3, ""vcp.final_depth_max"": 0.1, ""vcp",IS,"{""entry.bo_vol_mult"": 1.4, ""entry.rank_by"": ""tightness"", ""tt.rs_percentile_min"": 70.0, ""vcp.contraction_ratio_max"": 0.5, ""vcp.final_depth_max"": 0.1, ""vcp.min_contractions"": 3, ""vcp.vdu_ratio_max"": 0.7}",0.7501,0.044,0.49,-0.214,0.465,520,0.2538,0.127,1.24,0.383,520,12.1
vcp_shape,"{""vcp.min_contractions"": 3, ""vcp.final_depth_max"": 0.1, ""vcp",IS,"{""entry.bo_vol_mult"": 1.4, ""entry.rank_by"": ""tightness"", ""tt.rs_percentile_min"": 70.0, ""vcp.contraction_ratio_max"": 0.75, ""vcp.final_depth_max"": 0.1, ""vcp.min_contractions"": 3, ""vcp.vdu_ratio_max"": 0.7}",1.0292,0.056,0.551,-0.2396,0.638,649,0.2604,0.127,1.275,0.4865,649,14.6
vcp_shape,"{""vcp.min_contractions"": 3, ""vcp.final_depth_max"": 0.1, ""vcp",IS,"{""entry.bo_vol_mult"": 1.4, ""entry.rank_by"": ""tightness"", ""tt.rs_percentile_min"": 70.0, ""vcp.contraction_ratio_max"": 0.5, ""vcp.final_depth_max"": 0.1, ""vcp.min_contractions"": 3, ""vcp.vdu_ratio_max"": 1.0}",1.0838,0.0581,0.518,-0.405,0.672,858,0.2809,0.122,1.187,0.6294,858,13.0
vcp_shape,"{""vcp.min_contractions"": 3, ""vcp.final_depth_max"": 0.1, ""vcp",IS,"{""entry.bo_vol_mult"": 1.4, ""entry.rank_by"": ""tightness"", ""tt.rs_percentile_min"": 70.0, ""vcp.contraction_ratio_max"": 0.75, ""vcp.final_depth_max"": 0.1, ""vcp.min_contractions"": 3, ""vcp.vdu_ratio_max"": 1.0}",1.1913,0.0622,0.52,-0.3464,0.738,936,0.2821,0.134,1.215,0.7005,936,15.1
geometry,"{""vcp.swing_window"": 2, ""vcp.pivot_max_below_base_high"": 0.0",IS,"{""entry.bo_vol_mult"": 1.4, ""entry.rank_by"": ""tightness"", ""tt.rs_percentile_min"": 70.0, ""vcp.base_min_days"": 15, ""vcp.contraction_ratio_max"": 0.5, ""vcp.final_depth_max"": 0.06, ""vcp.min_contractions"": 3, ""vcp.pivot_max_below_base_high"": 0.05, ""vcp.swing_window"": 2, ""vcp.vdu_ratio_max"": 1.0}",1.7945,0.0823,0.712,-0.2709,1.112,923,0.2644,0.125,1.288,0.6414,923,16.2
geometry,"{""vcp.swing_window"": 2, ""vcp.pivot_max_below_base_high"": 0.0",IS,"{""entry.bo_vol_mult"": 1.4, ""entry.rank_by"": ""tightness"", ""tt.rs_percentile_min"": 70.0, ""vcp.base_min_days"": 30, ""vcp.contraction_ratio_max"": 0.5, ""vcp.final_depth_max"": 0.06, ""vcp.min_contractions"": 3, ""vcp.pivot_max_below_base_high"": 0.05, ""vcp.swing_window"": 2, ""vcp.vdu_ratio_max"": 1.0}",0.706,0.042,0.44,-0.2487,0.437,694,0.2666,0.115,1.176,0.5153,694,14.0
geometry,"{""vcp.swing_window"": 2, ""vcp.pivot_max_below_base_high"": 0.1",IS,"{""entry.bo_vol_mult"": 1.4, ""entry.rank_by"": ""tightness"", ""tt.rs_percentile_min"": 70.0, ""vcp.base_min_days"": 15, ""vcp.contraction_ratio_max"": 0.5, ""vcp.final_depth_max"": 0.06, ""vcp.min_contractions"": 3, ""vcp.pivot_max_below_base_high"": 0.15, ""vcp.swing_window"": 2, ""vcp.vdu_ratio_max"": 1.0}",2.309,0.0965,0.788,-0.3047,1.431,974,0.2731,0.153,1.311,0.6598,974,18.5
geometry,"{""vcp.swing_window"": 2, ""vcp.pivot_max_below_base_high"": 0.1",IS,"{""entry.bo_vol_mult"": 1.4, ""entry.rank_by"": ""tightness"", ""tt.rs_percentile_min"": 70.0, ""vcp.base_min_days"": 30, ""vcp.contraction_ratio_max"": 0.5, ""vcp.final_depth_max"": 0.06, ""vcp.min_contractions"": 3, ""vcp.pivot_max_below_base_high"": 0.15, ""vcp.swing_window"": 2, ""vcp.vdu_ratio_max"": 1.0}",0.4835,0.0308,0.333,-0.2209,0.3,719,0.2573,0.091,1.123,0.5268,719,13.7
geometry,"{""vcp.swing_window"": 3, ""vcp.pivot_max_below_base_high"": 0.0",IS,"{""entry.bo_vol_mult"": 1.4, ""entry.rank_by"": ""tightness"", ""tt.rs_percentile_min"": 70.0, ""vcp.base_min_days"": 15, ""vcp.contraction_ratio_max"": 0.5, ""vcp.final_depth_max"": 0.06, ""vcp.min_contractions"": 3, ""vcp.pivot_max_below_base_high"": 0.05, ""vcp.swing_window"": 3, ""vcp.vdu_ratio_max"": 1.0}",1.0074,0.0551,0.528,-0.2495,0.624,767,0.2855,0.145,1.237,0.5979,767,13.6
geometry,"{""vcp.swing_window"": 3, ""vcp.pivot_max_below_base_high"": 0.0",IS,"{""entry.bo_vol_mult"": 1.4, ""entry.rank_by"": ""tightness"", ""tt.rs_percentile_min"": 70.0, ""vcp.base_min_days"": 30, ""vcp.contraction_ratio_max"": 0.5, ""vcp.final_depth_max"": 0.06, ""vcp.min_contractions"": 3, ""vcp.pivot_max_below_base_high"": 0.05, ""vcp.swing_window"": 3, ""vcp.vdu_ratio_max"": 1.0}",0.6686,0.0402,0.411,-0.2951,0.414,664,0.2907,0.111,1.192,0.553,664,11.9
geometry,"{""vcp.swing_window"": 3, ""vcp.pivot_max_below_base_high"": 0.1",IS,"{""entry.bo_vol_mult"": 1.4, ""entry.rank_by"": ""tightness"", ""tt.rs_percentile_min"": 70.0, ""vcp.base_min_days"": 15, ""vcp.contraction_ratio_max"": 0.5, ""vcp.final_depth_max"": 0.06, ""vcp.min_contractions"": 3, ""vcp.pivot_max_below_base_high"": 0.15, ""vcp.swing_window"": 3, ""vcp.vdu_ratio_max"": 1.0}",1.3756,0.0689,0.632,-0.3182,0.852,798,0.2932,0.159,1.272,0.6156,798,14.4
geometry,"{""vcp.swing_window"": 3, ""vcp.pivot_max_below_base_high"": 0.1",IS,"{""entry.bo_vol_mult"": 1.4, ""entry.rank_by"": ""tightness"", ""tt.rs_percentile_min"": 70.0, ""vcp.base_min_days"": 30, ""vcp.contraction_ratio_max"": 0.5, ""vcp.final_depth_max"": 0.06, ""vcp.min_contractions"": 3, ""vcp.pivot_max_below_base_high"": 0.15, ""vcp.swing_window"": 3, ""vcp.vdu_ratio_max"": 1.0}",0.9767,0.0538,0.517,-0.3106,0.605,716,0.2863,0.134,1.231,0.5732,716,12.4
geometry,"{""vcp.swing_window"": 5, ""vcp.pivot_max_below_base_high"": 0.0",IS,"{""entry.bo_vol_mult"": 1.4, ""entry.rank_by"": ""tightness"", ""tt.rs_percentile_min"": 70.0, ""vcp.base_min_days"": 15, ""vcp.contraction_ratio_max"": 0.5, ""vcp.final_depth_max"": 0.06, ""vcp.min_contractions"": 3, ""vcp.pivot_max_below_base_high"": 0.05, ""vcp.swing_window"": 5, ""vcp.vdu_ratio_max"": 1.0}",0.37,0.0245,0.305,-0.2028,0.229,495,0.299,0.093,1.158,0.4828,495,8.8
geometry,"{""vcp.swing_window"": 5, ""vcp.pivot_max_below_base_high"": 0.0",IS,"{""entry.bo_vol_mult"": 1.4, ""entry.rank_by"": ""tightness"", ""tt.rs_percentile_min"": 70.0, ""vcp.base_min_days"": 30, ""vcp.contraction_ratio_max"": 0.5, ""vcp.final_depth_max"": 0.06, ""vcp.min_contractions"": 3, ""vcp.pivot_max_below_base_high"": 0.05, ""vcp.swing_window"": 5, ""vcp.vdu_ratio_max"": 1.0}",0.2404,0.0167,0.225,-0.215,0.149,484,0.2934,0.083,1.11,0.476,484,8.6
geometry,"{""vcp.swing_window"": 5, ""vcp.pivot_max_below_base_high"": 0.1",IS,"{""entry.bo_vol_mult"": 1.4, ""entry.rank_by"": ""tightness"", ""tt.rs_percentile_min"": 70.0, ""vcp.base_min_days"": 15, ""vcp.contraction_ratio_max"": 0.5, ""vcp.final_depth_max"": 0.06, ""vcp.min_contractions"": 3, ""vcp.pivot_max_below_base_high"": 0.15, ""vcp.swing_window"": 5, ""vcp.vdu_ratio_max"": 1.0}",0.2392,0.0166,0.221,-0.2776,0.148,520,0.2865,0.078,1.097,0.4961,520,9.0
geometry,"{""vcp.swing_window"": 5, ""vcp.pivot_max_below_base_high"": 0.1",IS,"{""entry.bo_vol_mult"": 1.4, ""entry.rank_by"": ""tightness"", ""tt.rs_percentile_min"": 70.0, ""vcp.base_min_days"": 30, ""vcp.contraction_ratio_max"": 0.5, ""vcp.final_depth_max"": 0.06, ""vcp.min_contractions"": 3, ""vcp.pivot_max_below_base_high"": 0.15, ""vcp.swing_window"": 5, ""vcp.vdu_ratio_max"": 1.0}",0.234,0.0163,0.218,-0.2775,0.145,506,0.2826,0.081,1.098,0.4861,506,8.2
exits,"{""exit.target_R"": 0.0, ""exit.trail_ma"": 20, ""exit.breakeven_",IS,"{""entry.bo_vol_mult"": 1.4, ""entry.rank_by"": ""tightness"", ""exit.breakeven_at_R"": 0.0, ""exit.target_R"": 0.0, ""exit.trail_activation_R"": 0.0, ""exit.trail_ma"": 20, ""tt.rs_percentile_min"": 70.0, ""vcp.base_min_days"": 15, ""vcp.contraction_ratio_max"": 0.5, ""vcp.final_depth_max"": 0.06, ""vcp.min_contractions"": 3, ""vcp.pivot_max_below_base_high"": 0.15, ""vcp.swing_window"": 2, ""vcp.vdu_ratio_max"": 1.0}",0.6485,0.0392,0.361,-0.2414,0.402,1067,0.3871,0.105,1.153,0.6353,1067,1.8
exits,"{""exit.target_R"": 0.0, ""exit.trail_ma"": 20, ""exit.breakeven_",IS,"{""entry.bo_vol_mult"": 1.4, ""entry.rank_by"": ""tightness"", ""exit.breakeven_at_R"": 0.0, ""exit.target_R"": 0.0, ""exit.trail_activation_R"": 1.0, ""exit.trail_ma"": 20, ""tt.rs_percentile_min"": 70.0, ""vcp.base_min_days"": 15, ""vcp.contraction_ratio_max"": 0.5, ""vcp.final_depth_max"": 0.06, ""vcp.min_contractions"": 3, ""vcp.pivot_max_below_base_high"": 0.15, ""vcp.swing_window"": 2, ""vcp.vdu_ratio_max"": 1.0}",0.7506,0.044,0.388,-0.229,0.465,835,0.4431,0.106,1.182,0.6828,835,1.8
exits,"{""exit.target_R"": 0.0, ""exit.trail_ma"": 20, ""exit.breakeven_",IS,"{""entry.bo_vol_mult"": 1.4, ""entry.rank_by"": ""tightness"", ""exit.breakeven_at_R"": 1.0, ""exit.target_R"": 0.0, ""exit.trail_activation_R"": 0.0, ""exit.trail_ma"": 20, ""tt.rs_percentile_min"": 70.0, ""vcp.base_min_days"": 15, ""vcp.contraction_ratio_max"": 0.5, ""vcp.final_depth_max"": 0.06, ""vcp.min_contractions"": 3, ""vcp.pivot_max_below_base_high"": 0.15, ""vcp.swing_window"": 2, ""vcp.vdu_ratio_max"": 1.0}",1.2561,0.0646,0.548,-0.2444,0.778,1096,0.3394,0.112,1.281,0.6237,1096,1.8
exits,"{""exit.target_R"": 0.0, ""exit.trail_ma"": 20, ""exit.breakeven_",IS,"{""entry.bo_vol_mult"": 1.4, ""entry.rank_by"": ""tightness"", ""exit.breakeven_at_R"": 1.0, ""exit.target_R"": 0.0, ""exit.trail_activation_R"": 1.0, ""exit.trail_ma"": 20, ""tt.rs_percentile_min"": 70.0, ""vcp.base_min_days"": 15, ""vcp.contraction_ratio_max"": 0.5, ""vcp.final_depth_max"": 0.06, ""vcp.min_contractions"": 3, ""vcp.pivot_max_below_base_high"": 0.15, ""vcp.swing_window"": 2, ""vcp.vdu_ratio_max"": 1.0}",0.8485,0.0484,0.423,-0.3153,0.526,866,0.3915,0.13,1.2,0.6733,866,1.7
exits,"{""exit.target_R"": 0.0, ""exit.trail_ma"": 50, ""exit.breakeven_",IS,"{""entry.bo_vol_mult"": 1.4, ""entry.rank_by"": ""tightness"", ""exit.breakeven_at_R"": 0.0, ""exit.target_R"": 0.0, ""exit.trail_activation_R"": 0.0, ""exit.trail_ma"": 50, ""tt.rs_percentile_min"": 70.0, ""vcp.base_min_days"": 15, ""vcp.contraction_ratio_max"": 0.5, ""vcp.final_depth_max"": 0.06, ""vcp.min_contractions"": 3, ""vcp.pivot_max_below_base_high"": 0.15, ""vcp.swing_window"": 2, ""vcp.vdu_ratio_max"": 1.0}",1.7717,0.0816,0.612,-0.2621,1.098,553,0.349,0.285,1.428,0.7226,553,1.6
exits,"{""exit.target_R"": 0.0, ""exit.trail_ma"": 50, ""exit.breakeven_",IS,"{""entry.bo_vol_mult"": 1.4, ""entry.rank_by"": ""tightness"", ""exit.breakeven_at_R"": 0.0, ""exit.target_R"": 0.0, ""exit.trail_activation_R"": 1.0, ""exit.trail_ma"": 50, ""tt.rs_percentile_min"": 70.0, ""vcp.base_min_days"": 15, ""vcp.contraction_ratio_max"": 0.5, ""vcp.final_depth_max"": 0.06, ""vcp.min_contractions"": 3, ""vcp.pivot_max_below_base_high"": 0.15, ""vcp.swing_window"": 2, ""vcp.vdu_ratio_max"": 1.0}",1.2532,0.0645,0.506,-0.3297,0.777,539,0.3562,0.192,1.356,0.7292,539,1.7
exits,"{""exit.target_R"": 0.0, ""exit.trail_ma"": 50, ""exit.breakeven_",IS,"{""entry.bo_vol_mult"": 1.4, ""entry.rank_by"": ""tightness"", ""exit.breakeven_at_R"": 1.0, ""exit.target_R"": 0.0, ""exit.trail_activation_R"": 0.0, ""exit.trail_ma"": 50, ""tt.rs_percentile_min"": 70.0, ""vcp.base_min_days"": 15, ""vcp.contraction_ratio_max"": 0.5, ""vcp.final_depth_max"": 0.06, ""vcp.min_contractions"": 3, ""vcp.pivot_max_below_base_high"": 0.15, ""vcp.swing_window"": 2, ""vcp.vdu_ratio_max"": 1.0}",0.8299,0.0476,0.392,-0.2239,0.514,673,0.2526,0.16,1.252,0.7032,673,1.7
exits,"{""exit.target_R"": 0.0, ""exit.trail_ma"": 50, ""exit.breakeven_",IS,"{""entry.bo_vol_mult"": 1.4, ""entry.rank_by"": ""tightness"", ""exit.breakeven_at_R"": 1.0, ""exit.target_R"": 0.0, ""exit.trail_activation_R"": 1.0, ""exit.trail_ma"": 50, ""tt.rs_percentile_min"": 70.0, ""vcp.base_min_days"": 15, ""vcp.contraction_ratio_max"": 0.5, ""vcp.final_depth_max"": 0.06, ""vcp.min_contractions"": 3, ""vcp.pivot_max_below_base_high"": 0.15, ""vcp.swing_window"": 2, ""vcp.vdu_ratio_max"": 1.0}",1.3284,0.0672,0.525,-0.2152,0.823,591,0.2724,0.222,1.461,0.7125,591,2.0
exits,"{""exit.target_R"": 0.0, ""exit.trail_ma"": 100, ""exit.breakeven",IS,"{""entry.bo_vol_mult"": 1.4, ""entry.rank_by"": ""tightness"", ""exit.breakeven_at_R"": 0.0, ""exit.target_R"": 0.0, ""exit.trail_activation_R"": 0.0, ""exit.trail_ma"": 100, ""tt.rs_percentile_min"": 70.0, ""vcp.base_min_days"": 15, ""vcp.contraction_ratio_max"": 0.5, ""vcp.final_depth_max"": 0.06, ""vcp.min_contractions"": 3, ""vcp.pivot_max_below_base_high"": 0.15, ""vcp.swing_window"": 2, ""vcp.vdu_ratio_max"": 1.0}",1.2876,0.0658,0.502,-0.3051,0.798,355,0.3127,0.333,1.467,0.7628,355,1.5
exits,"{""exit.target_R"": 0.0, ""exit.trail_ma"": 100, ""exit.breakeven",IS,"{""entry.bo_vol_mult"": 1.4, ""entry.rank_by"": ""tightness"", ""exit.breakeven_at_R"": 0.0, ""exit.target_R"": 0.0, ""exit.trail_activation_R"": 1.0, ""exit.trail_ma"": 100, ""tt.rs_percentile_min"": 70.0, ""vcp.base_min_days"": 15, ""vcp.contraction_ratio_max"": 0.5, ""vcp.final_depth_max"": 0.06, ""vcp.min_contractions"": 3, ""vcp.pivot_max_below_base_high"": 0.15, ""vcp.swing_window"": 2, ""vcp.vdu_ratio_max"": 1.0}",1.2683,0.0651,0.497,-0.3018,0.786,354,0.3107,0.297,1.459,0.7632,354,1.3
exits,"{""exit.target_R"": 0.0, ""exit.trail_ma"": 100, ""exit.breakeven",IS,"{""entry.bo_vol_mult"": 1.4, ""entry.rank_by"": ""tightness"", ""exit.breakeven_at_R"": 1.0, ""exit.target_R"": 0.0, ""exit.trail_activation_R"": 0.0, ""exit.trail_ma"": 100, ""tt.rs_percentile_min"": 70.0, ""vcp.base_min_days"": 15, ""vcp.contraction_ratio_max"": 0.5, ""vcp.final_depth_max"": 0.06, ""vcp.min_contractions"": 3, ""vcp.pivot_max_below_base_high"": 0.15, ""vcp.swing_window"": 2, ""vcp.vdu_ratio_max"": 1.0}",1.753,0.0811,0.603,-0.219,1.086,436,0.2317,0.37,1.682,0.7487,436,1.4
exits,"{""exit.target_R"": 0.0, ""exit.trail_ma"": 100, ""exit.breakeven",IS,"{""entry.bo_vol_mult"": 1.4, ""entry.rank_by"": ""tightness"", ""exit.breakeven_at_R"": 1.0, ""exit.target_R"": 0.0, ""exit.trail_activation_R"": 1.0, ""exit.trail_ma"": 100, ""tt.rs_percentile_min"": 70.0, ""vcp.base_min_days"": 15, ""vcp.contraction_ratio_max"": 0.5, ""vcp.final_depth_max"": 0.06, ""vcp.min_contractions"": 3, ""vcp.pivot_max_below_base_high"": 0.15, ""vcp.swing_window"": 2, ""vcp.vdu_ratio_max"": 1.0}",1.8507,0.084,0.618,-0.2189,1.147,423,0.2364,0.405,1.757,0.7509,423,1.6
exits,"{""exit.target_R"": 5.0, ""exit.trail_ma"": 20, ""exit.breakeven_",IS,"{""entry.bo_vol_mult"": 1.4, ""entry.rank_by"": ""tightness"", ""exit.breakeven_at_R"": 0.0, ""exit.target_R"": 5.0, ""exit.trail_activation_R"": 0.0, ""exit.trail_ma"": 20, ""tt.rs_percentile_min"": 70.0, ""vcp.base_min_days"": 15, ""vcp.contraction_ratio_max"": 0.5, ""vcp.final_depth_max"": 0.06, ""vcp.min_contractions"": 3, ""vcp.pivot_max_below_base_high"": 0.15, ""vcp.swing_window"": 2, ""vcp.vdu_ratio_max"": 1.0}",0.8247,0.0474,0.424,-0.2115,0.511,1118,0.3819,0.093,1.174,0.628,1118,1.8
exits,"{""exit.target_R"": 5.0, ""exit.trail_ma"": 20, ""exit.breakeven_",IS,"{""entry.bo_vol_mult"": 1.4, ""entry.rank_by"": ""tightness"", ""exit.breakeven_at_R"": 0.0, ""exit.target_R"": 5.0, ""exit.trail_activation_R"": 1.0, ""exit.trail_ma"": 20, ""tt.rs_percentile_min"": 70.0, ""vcp.base_min_days"": 15, ""vcp.contraction_ratio_max"": 0.5, ""vcp.final_depth_max"": 0.06, ""vcp.min_contractions"": 3, ""vcp.pivot_max_below_base_high"": 0.15, ""vcp.swing_window"": 2, ""vcp.vdu_ratio_max"": 1.0}",0.8762,0.0496,0.439,-0.2179,0.543,869,0.4476,0.119,1.203,0.6772,869,1.8
exits,"{""exit.target_R"": 5.0, ""exit.trail_ma"": 20, ""exit.breakeven_",IS,"{""entry.bo_vol_mult"": 1.4, ""entry.rank_by"": ""tightness"", ""exit.breakeven_at_R"": 1.0, ""exit.target_R"": 5.0, ""exit.trail_activation_R"": 0.0, ""exit.trail_ma"": 20, ""tt.rs_percentile_min"": 70.0, ""vcp.base_min_days"": 15, ""vcp.contraction_ratio_max"": 0.5, ""vcp.final_depth_max"": 0.06, ""vcp.min_contractions"": 3, ""vcp.pivot_max_below_base_high"": 0.15, ""vcp.swing_window"": 2, ""vcp.vdu_ratio_max"": 1.0}",1.333,0.0674,0.585,-0.2044,0.826,1148,0.3319,0.113,1.277,0.6167,1148,1.7
exits,"{""exit.target_R"": 5.0, ""exit.trail_ma"": 20, ""exit.breakeven_",IS,"{""entry.bo_vol_mult"": 1.4, ""entry.rank_by"": ""tightness"", ""exit.breakeven_at_R"": 1.0, ""exit.target_R"": 5.0, ""exit.trail_activation_R"": 1.0, ""exit.trail_ma"": 20, ""tt.rs_percentile_min"": 70.0, ""vcp.base_min_days"": 15, ""vcp.contraction_ratio_max"": 0.5, ""vcp.final_depth_max"": 0.06, ""vcp.min_contractions"": 3, ""vcp.pivot_max_below_base_high"": 0.15, ""vcp.swing_window"": 2, ""vcp.vdu_ratio_max"": 1.0}",1.0256,0.0558,0.492,-0.1668,0.635,878,0.3907,0.144,1.236,0.67,878,1.6
exits,"{""exit.target_R"": 5.0, ""exit.trail_ma"": 50, ""exit.breakeven_",IS,"{""entry.bo_vol_mult"": 1.4, ""entry.rank_by"": ""tightness"", ""exit.breakeven_at_R"": 0.0, ""exit.target_R"": 5.0, ""exit.trail_activation_R"": 0.0, ""exit.trail_ma"": 50, ""tt.rs_percentile_min"": 70.0, ""vcp.base_min_days"": 15, ""vcp.contraction_ratio_max"": 0.5, ""vcp.final_depth_max"": 0.06, ""vcp.min_contractions"": 3, ""vcp.pivot_max_below_base_high"": 0.15, ""vcp.swing_window"": 2, ""vcp.vdu_ratio_max"": 1.0}",2.5237,0.1018,0.774,-0.2897,1.564,726,0.3457,0.218,1.384,0.7158,726,1.7
exits,"{""exit.target_R"": 5.0, ""exit.trail_ma"": 50, ""exit.breakeven_",IS,"{""entry.bo_vol_mult"": 1.4, ""entry.rank_by"": ""tightness"", ""exit.breakeven_at_R"": 0.0, ""exit.target_R"": 5.0, ""exit.trail_activation_R"": 1.0, ""exit.trail_ma"": 50, ""tt.rs_percentile_min"": 70.0, ""vcp.base_min_days"": 15, ""vcp.contraction_ratio_max"": 0.5, ""vcp.final_depth_max"": 0.06, ""vcp.min_contractions"": 3, ""vcp.pivot_max_below_base_high"": 0.15, ""vcp.swing_window"": 2, ""vcp.vdu_ratio_max"": 1.0}",2.3923,0.0986,0.763,-0.3364,1.482,655,0.3802,0.274,1.384,0.7214,655,1.6
exits,"{""exit.target_R"": 5.0, ""exit.trail_ma"": 50, ""exit.breakeven_",IS,"{""entry.bo_vol_mult"": 1.4, ""entry.rank_by"": ""tightness"", ""exit.breakeven_at_R"": 1.0, ""exit.target_R"": 5.0, ""exit.trail_activation_R"": 0.0, ""exit.trail_ma"": 50, ""tt.rs_percentile_min"": 70.0, ""vcp.base_min_days"": 15, ""vcp.contraction_ratio_max"": 0.5, ""vcp.final_depth_max"": 0.06, ""vcp.min_contractions"": 3, ""vcp.pivot_max_below_base_high"": 0.15, ""vcp.swing_window"": 2, ""vcp.vdu_ratio_max"": 1.0}",1.6064,0.0765,0.614,-0.2338,0.995,822,0.2652,0.205,1.34,0.6885,822,1.8
exits,"{""exit.target_R"": 5.0, ""exit.trail_ma"": 50, ""exit.breakeven_",IS,"{""entry.bo_vol_mult"": 1.4, ""entry.rank_by"": ""tightness"", ""exit.breakeven_at_R"": 1.0, ""exit.target_R"": 5.0, ""exit.trail_activation_R"": 1.0, ""exit.trail_ma"": 50, ""tt.rs_percentile_min"": 70.0, ""vcp.base_min_days"": 15, ""vcp.contraction_ratio_max"": 0.5, ""vcp.final_depth_max"": 0.06, ""vcp.min_contractions"": 3, ""vcp.pivot_max_below_base_high"": 0.15, ""vcp.swing_window"": 2, ""vcp.vdu_ratio_max"": 1.0}",1.9761,0.0876,0.68,-0.2013,1.224,718,0.2869,0.271,1.462,0.6988,718,1.7
exits,"{""exit.target_R"": 5.0, ""exit.trail_ma"": 100, ""exit.breakeven",IS,"{""entry.bo_vol_mult"": 1.4, ""entry.rank_by"": ""tightness"", ""exit.breakeven_at_R"": 0.0, ""exit.target_R"": 5.0, ""exit.trail_activation_R"": 0.0, ""exit.trail_ma"": 100, ""tt.rs_percentile_min"": 70.0, ""vcp.base_min_days"": 15, ""vcp.contraction_ratio_max"": 0.5, ""vcp.final_depth_max"": 0.06, ""vcp.min_contractions"": 3, ""vcp.pivot_max_below_base_high"": 0.15, ""vcp.swing_window"": 2, ""vcp.vdu_ratio_max"": 1.0}",1.793,0.0823,0.64,-0.2719,1.111,564,0.2819,0.298,1.323,0.7388,564,1.6
exits,"{""exit.target_R"": 5.0, ""exit.trail_ma"": 100, ""exit.breakeven",IS,"{""entry.bo_vol_mult"": 1.4, ""entry.rank_by"": ""tightness"", ""exit.breakeven_at_R"": 0.0, ""exit.target_R"": 5.0, ""exit.trail_activation_R"": 1.0, ""exit.trail_ma"": 100, ""tt.rs_percentile_min"": 70.0, ""vcp.base_min_days"": 15, ""vcp.contraction_ratio_max"": 0.5, ""vcp.final_depth_max"": 0.06, ""vcp.min_contractions"": 3, ""vcp.pivot_max_below_base_high"": 0.15, ""vcp.swing_window"": 2, ""vcp.vdu_ratio_max"": 1.0}",2.113,0.0913,0.703,-0.2792,1.309,563,0.286,0.308,1.365,0.7384,563,1.5
exits,"{""exit.target_R"": 5.0, ""exit.trail_ma"": 100, ""exit.breakeven",IS,"{""entry.bo_vol_mult"": 1.4, ""entry.rank_by"": ""tightness"", ""exit.breakeven_at_R"": 1.0, ""exit.target_R"": 5.0, ""exit.trail_activation_R"": 0.0, ""exit.trail_ma"": 100, ""tt.rs_percentile_min"": 70.0, ""vcp.base_min_days"": 15, ""vcp.contraction_ratio_max"": 0.5, ""vcp.final_depth_max"": 0.06, ""vcp.min_contractions"": 3, ""vcp.pivot_max_below_base_high"": 0.15, ""vcp.swing_window"": 2, ""vcp.vdu_ratio_max"": 1.0}",2.2456,0.0948,0.746,-0.1624,1.391,672,0.2113,0.264,1.435,0.7148,672,1.7
exits,"{""exit.target_R"": 5.0, ""exit.trail_ma"": 100, ""exit.breakeven",IS,"{""entry.bo_vol_mult"": 1.4, ""entry.rank_by"": ""tightness"", ""exit.breakeven_at_R"": 1.0, ""exit.target_R"": 5.0, ""exit.trail_activation_R"": 1.0, ""exit.trail_ma"": 100, ""tt.rs_percentile_min"": 70.0, ""vcp.base_min_days"": 15, ""vcp.contraction_ratio_max"": 0.5, ""vcp.final_depth_max"": 0.06, ""vcp.min_contractions"": 3, ""vcp.pivot_max_below_base_high"": 0.15, ""vcp.swing_window"": 2, ""vcp.vdu_ratio_max"": 1.0}",2.5609,0.1027,0.803,-0.1631,1.587,663,0.2127,0.278,1.511,0.7181,663,1.8
exposure,"{""risk.max_positions"": 4, ""risk.risk_per_trade"": 0.015, ""ris",IS,"{""entry.bo_vol_mult"": 1.4, ""entry.rank_by"": ""tightness"", ""exit.breakeven_at_R"": 1.0, ""exit.target_R"": 5.0, ""exit.trail_activation_R"": 1.0, ""exit.trail_ma"": 100, ""risk.max_positions"": 4, ""risk.max_weight"": 0.2, ""risk.risk_per_trade"": 0.015, ""tt.rs_percentile_min"": 70.0, ""vcp.base_min_days"": 15, ""vcp.contraction_ratio_max"": 0.5, ""vcp.final_depth_max"": 0.06, ""vcp.min_contractions"": 3, ""vcp.pivot_max_below_base_high"": 0.15, ""vcp.swing_window"": 2, ""vcp.vdu_ratio_max"": 1.0}",1.997,0.0881,0.749,-0.16,1.237,383,0.2245,0.321,1.595,0.6086,383,1.7
exposure,"{""risk.max_positions"": 4, ""risk.risk_per_trade"": 0.015, ""ris",IS,"{""entry.bo_vol_mult"": 1.4, ""entry.rank_by"": ""tightness"", ""exit.breakeven_at_R"": 1.0, ""exit.target_R"": 5.0, ""exit.trail_activation_R"": 1.0, ""exit.trail_ma"": 100, ""risk.max_positions"": 4, ""risk.max_weight"": 0.3, ""risk.risk_per_trade"": 0.015, ""tt.rs_percentile_min"": 70.0, ""vcp.base_min_days"": 15, ""vcp.contraction_ratio_max"": 0.5, ""vcp.final_depth_max"": 0.06, ""vcp.min_contractions"": 3, ""vcp.pivot_max_below_base_high"": 0.15, ""vcp.swing_window"": 2, ""vcp.vdu_ratio_max"": 1.0}",2.6825,0.1055,0.75,-0.162,1.662,383,0.2245,0.321,1.59,0.7308,383,1.7
exposure,"{""risk.max_positions"": 4, ""risk.risk_per_trade"": 0.025, ""ris",IS,"{""entry.bo_vol_mult"": 1.4, ""entry.rank_by"": ""tightness"", ""exit.breakeven_at_R"": 1.0, ""exit.target_R"": 5.0, ""exit.trail_activation_R"": 1.0, ""exit.trail_ma"": 100, ""risk.max_positions"": 4, ""risk.max_weight"": 0.2, ""risk.risk_per_trade"": 0.025, ""tt.rs_percentile_min"": 70.0, ""vcp.base_min_days"": 15, ""vcp.contraction_ratio_max"": 0.5, ""vcp.final_depth_max"": 0.06, ""vcp.min_contractions"": 3, ""vcp.pivot_max_below_base_high"": 0.15, ""vcp.swing_window"": 2, ""vcp.vdu_ratio_max"": 1.0}",1.997,0.0881,0.749,-0.16,1.237,383,0.2245,0.321,1.595,0.6086,383,1.5
exposure,"{""risk.max_positions"": 4, ""risk.risk_per_trade"": 0.025, ""ris",IS,"{""entry.bo_vol_mult"": 1.4, ""entry.rank_by"": ""tightness"", ""exit.breakeven_at_R"": 1.0, ""exit.target_R"": 5.0, ""exit.trail_activation_R"": 1.0, ""exit.trail_ma"": 100, ""risk.max_positions"": 4, ""risk.max_weight"": 0.3, ""risk.risk_per_trade"": 0.025, ""tt.rs_percentile_min"": 70.0, ""vcp.base_min_days"": 15, ""vcp.contraction_ratio_max"": 0.5, ""vcp.final_depth_max"": 0.06, ""vcp.min_contractions"": 3, ""vcp.pivot_max_below_base_high"": 0.15, ""vcp.swing_window"": 2, ""vcp.vdu_ratio_max"": 1.0}",2.7938,0.1081,0.748,-0.1652,1.731,383,0.2245,0.321,1.61,0.7413,383,1.5
exposure,"{""risk.max_positions"": 6, ""risk.risk_per_trade"": 0.015, ""ris",IS,"{""entry.bo_vol_mult"": 1.4, ""entry.rank_by"": ""tightness"", ""exit.breakeven_at_R"": 1.0, ""exit.target_R"": 5.0, ""exit.trail_activation_R"": 1.0, ""exit.trail_ma"": 100, ""risk.max_positions"": 6, ""risk.max_weight"": 0.2, ""risk.risk_per_trade"": 0.015, ""tt.rs_percentile_min"": 70.0, ""vcp.base_min_days"": 15, ""vcp.contraction_ratio_max"": 0.5, ""vcp.final_depth_max"": 0.06, ""vcp.min_contractions"": 3, ""vcp.pivot_max_below_base_high"": 0.15, ""vcp.swing_window"": 2, ""vcp.vdu_ratio_max"": 1.0}",2.8609,0.1096,0.823,-0.2194,1.773,543,0.2155,0.3,1.53,0.7253,543,1.6
exposure,"{""risk.max_positions"": 6, ""risk.risk_per_trade"": 0.015, ""ris",IS,"{""entry.bo_vol_mult"": 1.4, ""entry.rank_by"": ""tightness"", ""exit.breakeven_at_R"": 1.0, ""exit.target_R"": 5.0, ""exit.trail_activation_R"": 1.0, ""exit.trail_ma"": 100, ""risk.max_positions"": 6, ""risk.max_weight"": 0.3, ""risk.risk_per_trade"": 0.015, ""tt.rs_percentile_min"": 70.0, ""vcp.base_min_days"": 15, ""vcp.contraction_ratio_max"": 0.5, ""vcp.final_depth_max"": 0.06, ""vcp.min_contractions"": 3, ""vcp.pivot_max_below_base_high"": 0.15, ""vcp.swing_window"": 2, ""vcp.vdu_ratio_max"": 1.0}",3.0784,0.1143,0.812,-0.1648,1.907,462,0.2143,0.27,1.673,0.7389,462,1.6
exposure,"{""risk.max_positions"": 6, ""risk.risk_per_trade"": 0.025, ""ris",IS,"{""entry.bo_vol_mult"": 1.4, ""entry.rank_by"": ""tightness"", ""exit.breakeven_at_R"": 1.0, ""exit.target_R"": 5.0, ""exit.trail_activation_R"": 1.0, ""exit.trail_ma"": 100, ""risk.max_positions"": 6, ""risk.max_weight"": 0.2, ""risk.risk_per_trade"": 0.025, ""tt.rs_percentile_min"": 70.0, ""vcp.base_min_days"": 15, ""vcp.contraction_ratio_max"": 0.5, ""vcp.final_depth_max"": 0.06, ""vcp.min_contractions"": 3, ""vcp.pivot_max_below_base_high"": 0.15, ""vcp.swing_window"": 2, ""vcp.vdu_ratio_max"": 1.0}",2.8609,0.1096,0.823,-0.2194,1.773,543,0.2155,0.3,1.53,0.7253,543,1.7
exposure,"{""risk.max_positions"": 6, ""risk.risk_per_trade"": 0.025, ""ris",IS,"{""entry.bo_vol_mult"": 1.4, ""entry.rank_by"": ""tightness"", ""exit.breakeven_at_R"": 1.0, ""exit.target_R"": 5.0, ""exit.trail_activation_R"": 1.0, ""exit.trail_ma"": 100, ""risk.max_positions"": 6, ""risk.max_weight"": 0.3, ""risk.risk_per_trade"": 0.025, ""tt.rs_percentile_min"": 70.0, ""vcp.base_min_days"": 15, ""vcp.contraction_ratio_max"": 0.5, ""vcp.final_depth_max"": 0.06, ""vcp.min_contractions"": 3, ""vcp.pivot_max_below_base_high"": 0.15, ""vcp.swing_window"": 2, ""vcp.vdu_ratio_max"": 1.0}",3.1905,0.1166,0.817,-0.2112,1.977,493,0.215,0.289,1.626,0.7436,493,1.7
exposure,"{""risk.max_positions"": 8, ""risk.risk_per_trade"": 0.015, ""ris",IS,"{""entry.bo_vol_mult"": 1.4, ""entry.rank_by"": ""tightness"", ""exit.breakeven_at_R"": 1.0, ""exit.target_R"": 5.0, ""exit.trail_activation_R"": 1.0, ""exit.trail_ma"": 100, ""risk.max_positions"": 8, ""risk.max_weight"": 0.2, ""risk.risk_per_trade"": 0.015, ""tt.rs_percentile_min"": 70.0, ""vcp.base_min_days"": 15, ""vcp.contraction_ratio_max"": 0.5, ""vcp.final_depth_max"": 0.06, ""vcp.min_contractions"": 3, ""vcp.pivot_max_below_base_high"": 0.15, ""vcp.swing_window"": 2, ""vcp.vdu_ratio_max"": 1.0}",2.6556,0.1049,0.797,-0.2191,1.646,597,0.2144,0.285,1.502,0.7257,597,1.9
exposure,"{""risk.max_positions"": 8, ""risk.risk_per_trade"": 0.015, ""ris",IS,"{""entry.bo_vol_mult"": 1.4, ""entry.rank_by"": ""tightness"", ""exit.breakeven_at_R"": 1.0, ""exit.target_R"": 5.0, ""exit.trail_activation_R"": 1.0, ""exit.trail_ma"": 100, ""risk.max_positions"": 8, ""risk.max_weight"": 0.3, ""risk.risk_per_trade"": 0.015, ""tt.rs_percentile_min"": 70.0, ""vcp.base_min_days"": 15, ""vcp.contraction_ratio_max"": 0.5, ""vcp.final_depth_max"": 0.06, ""vcp.min_contractions"": 3, ""vcp.pivot_max_below_base_high"": 0.15, ""vcp.swing_window"": 2, ""vcp.vdu_ratio_max"": 1.0}",2.874,0.1099,0.781,-0.1662,1.781,494,0.2085,0.214,1.642,0.7385,494,1.7
exposure,"{""risk.max_positions"": 8, ""risk.risk_per_trade"": 0.025, ""ris",IS,"{""entry.bo_vol_mult"": 1.4, ""entry.rank_by"": ""tightness"", ""exit.breakeven_at_R"": 1.0, ""exit.target_R"": 5.0, ""exit.trail_activation_R"": 1.0, ""exit.trail_ma"": 100, ""risk.max_positions"": 8, ""risk.max_weight"": 0.2, ""risk.risk_per_trade"": 0.025, ""tt.rs_percentile_min"": 70.0, ""vcp.base_min_days"": 15, ""vcp.contraction_ratio_max"": 0.5, ""vcp.final_depth_max"": 0.06, ""vcp.min_contractions"": 3, ""vcp.pivot_max_below_base_high"": 0.15, ""vcp.swing_window"": 2, ""vcp.vdu_ratio_max"": 1.0}",2.6556,0.1049,0.797,-0.2191,1.646,597,0.2144,0.285,1.502,0.7257,597,1.7
exposure,"{""risk.max_positions"": 8, ""risk.risk_per_trade"": 0.025, ""ris",IS,"{""entry.bo_vol_mult"": 1.4, ""entry.rank_by"": ""tightness"", ""exit.breakeven_at_R"": 1.0, ""exit.target_R"": 5.0, ""exit.trail_activation_R"": 1.0, ""exit.trail_ma"": 100, ""risk.max_positions"": 8, ""risk.max_weight"": 0.3, ""risk.risk_per_trade"": 0.025, ""tt.rs_percentile_min"": 70.0, ""vcp.base_min_days"": 15, ""vcp.contraction_ratio_max"": 0.5, ""vcp.final_depth_max"": 0.06, ""vcp.min_contractions"": 3, ""vcp.pivot_max_below_base_high"": 0.15, ""vcp.swing_window"": 2, ""vcp.vdu_ratio_max"": 1.0}",2.5675,0.1028,0.729,-0.2116,1.591,509,0.2102,0.229,1.529,0.742,509,1.7
stops,"{""risk.stop_pct"": 0.05, ""risk.stop_use_contraction_low"": tru",IS,"{""entry.bo_vol_mult"": 1.4, ""entry.rank_by"": ""tightness"", ""exit.breakeven_at_R"": 1.0, ""exit.target_R"": 5.0, ""exit.trail_activation_R"": 1.0, ""exit.trail_ma"": 100, ""risk.max_positions"": 6, ""risk.max_weight"": 0.3, ""risk.risk_per_trade"": 0.025, ""risk.stop_pct"": 0.05, ""risk.stop_use_contraction_low"": true, ""tt.rs_percentile_min"": 70.0, ""vcp.base_min_days"": 15, ""vcp.contraction_ratio_max"": 0.5, ""vcp.final_depth_max"": 0.06, ""vcp.min_contractions"": 3, ""vcp.pivot_max_below_base_high"": 0.15, ""vcp.swing_window"": 2, ""vcp.vdu_ratio_max"": 1.0}",5.2046,0.1508,1.028,-0.1437,3.225,493,0.213,0.362,1.906,0.7285,493,1.7
stops,"{""risk.stop_pct"": 0.05, ""risk.stop_use_contraction_low"": fal",IS,"{""entry.bo_vol_mult"": 1.4, ""entry.rank_by"": ""tightness"", ""exit.breakeven_at_R"": 1.0, ""exit.target_R"": 5.0, ""exit.trail_activation_R"": 1.0, ""exit.trail_ma"": 100, ""risk.max_positions"": 6, ""risk.max_weight"": 0.3, ""risk.risk_per_trade"": 0.025, ""risk.stop_pct"": 0.05, ""risk.stop_use_contraction_low"": false, ""tt.rs_percentile_min"": 70.0, ""vcp.base_min_days"": 15, ""vcp.contraction_ratio_max"": 0.5, ""vcp.final_depth_max"": 0.06, ""vcp.min_contractions"": 3, ""vcp.pivot_max_below_base_high"": 0.15, ""vcp.swing_window"": 2, ""vcp.vdu_ratio_max"": 1.0}",6.3964,0.1665,1.116,-0.1423,3.963,376,0.2633,0.495,2.202,0.7488,376,1.7
stops,"{""risk.stop_pct"": 0.08, ""risk.stop_use_contraction_low"": tru",IS,"{""entry.bo_vol_mult"": 1.4, ""entry.rank_by"": ""tightness"", ""exit.breakeven_at_R"": 1.0, ""exit.target_R"": 5.0, ""exit.trail_activation_R"": 1.0, ""exit.trail_ma"": 100, ""risk.max_positions"": 6, ""risk.max_weight"": 0.3, ""risk.risk_per_trade"": 0.025, ""risk.stop_pct"": 0.08, ""risk.stop_use_contraction_low"": true, ""tt.rs_percentile_min"": 70.0, ""vcp.base_min_days"": 15, ""vcp.contraction_ratio_max"": 0.5, ""vcp.final_depth_max"": 0.06, ""vcp.min_contractions"": 3, ""vcp.pivot_max_below_base_high"": 0.15, ""vcp.swing_window"": 2, ""vcp.vdu_ratio_max"": 1.0}",2.4988,0.1012,0.703,-0.2551,1.548,437,0.222,0.303,1.58,0.7553,437,1.7
stops,"{""risk.stop_pct"": 0.08, ""risk.stop_use_contraction_low"": fal",IS,"{""entry.bo_vol_mult"": 1.4, ""entry.rank_by"": ""tightness"", ""exit.breakeven_at_R"": 1.0, ""exit.target_R"": 5.0, ""exit.trail_activation_R"": 1.0, ""exit.trail_ma"": 100, ""risk.max_positions"": 6, ""risk.max_weight"": 0.3, ""risk.risk_per_trade"": 0.025, ""risk.stop_pct"": 0.08, ""risk.stop_use_contraction_low"": false, ""tt.rs_percentile_min"": 70.0, ""vcp.base_min_days"": 15, ""vcp.contraction_ratio_max"": 0.5, ""vcp.final_depth_max"": 0.06, ""vcp.min_contractions"": 3, ""vcp.pivot_max_below_base_high"": 0.15, ""vcp.swing_window"": 2, ""vcp.vdu_ratio_max"": 1.0}",5.0149,0.1481,0.93,-0.1972,3.107,220,0.3955,0.407,2.229,0.8105,220,1.4
stops,"{""risk.stop_pct"": 0.1, ""risk.stop_use_contraction_low"": true",IS,"{""entry.bo_vol_mult"": 1.4, ""entry.rank_by"": ""tightness"", ""exit.breakeven_at_R"": 1.0, ""exit.target_R"": 5.0, ""exit.trail_activation_R"": 1.0, ""exit.trail_ma"": 100, ""risk.max_positions"": 6, ""risk.max_weight"": 0.3, ""risk.risk_per_trade"": 0.025, ""risk.stop_pct"": 0.1, ""risk.stop_use_contraction_low"": true, ""tt.rs_percentile_min"": 70.0, ""vcp.base_min_days"": 15, ""vcp.contraction_ratio_max"": 0.5, ""vcp.final_depth_max"": 0.06, ""vcp.min_contractions"": 3, ""vcp.pivot_max_below_base_high"": 0.15, ""vcp.swing_window"": 2, ""vcp.vdu_ratio_max"": 1.0}",2.83,0.1089,0.751,-0.2438,1.754,437,0.222,0.3,1.666,0.7553,437,1.6
stops,"{""risk.stop_pct"": 0.1, ""risk.stop_use_contraction_low"": fals",IS,"{""entry.bo_vol_mult"": 1.4, ""entry.rank_by"": ""tightness"", ""exit.breakeven_at_R"": 1.0, ""exit.target_R"": 5.0, ""exit.trail_activation_R"": 1.0, ""exit.trail_ma"": 100, ""risk.max_positions"": 6, ""risk.max_weight"": 0.3, ""risk.risk_per_trade"": 0.025, ""risk.stop_pct"": 0.1, ""risk.stop_use_contraction_low"": false, ""tt.rs_percentile_min"": 70.0, ""vcp.base_min_days"": 15, ""vcp.contraction_ratio_max"": 0.5, ""vcp.final_depth_max"": 0.06, ""vcp.min_contractions"": 3, ""vcp.pivot_max_below_base_high"": 0.15, ""vcp.swing_window"": 2, ""vcp.vdu_ratio_max"": 1.0}",2.2107,0.0939,0.661,-0.1892,1.37,180,0.4944,0.443,2.092,0.8147,180,1.4
market,"{""entry.market_filter"": true, ""entry.market_filter_ma"": 200,",IS,"{""entry.bo_vol_mult"": 1.4, ""entry.market_filter"": true, ""entry.market_filter_ma"": 200, ""entry.rank_by"": ""tightness"", ""exit.breakeven_at_R"": 1.0, ""exit.target_R"": 5.0, ""exit.trail_activation_R"": 1.0, ""exit.trail_ma"": 100, ""risk.max_positions"": 6, ""risk.max_weight"": 0.3, ""risk.risk_per_trade"": 0.025, ""risk.stop_pct"": 0.05, ""risk.stop_use_contraction_low"": false, ""tt.rs_percentile_min"": 70.0, ""vcp.base_min_days"": 15, ""vcp.contraction_ratio_max"": 0.5, ""vcp.final_depth_max"": 0.06, ""vcp.min_contractions"": 3, ""vcp.pivot_max_below_base_high"": 0.15, ""vcp.setup_max_active_days"": 20, ""vcp.swing_window"": 2, ""vcp.vdu_ratio_max"": 1.0}",3.1663,0.1161,0.811,-0.1753,1.962,368,0.2391,0.401,1.576,0.738,368,17.6
market,"{""entry.market_filter"": true, ""entry.market_filter_ma"": 200,",IS,"{""entry.bo_vol_mult"": 1.4, ""entry.market_filter"": true, ""entry.market_filter_ma"": 200, ""entry.rank_by"": ""tightness"", ""exit.breakeven_at_R"": 1.0, ""exit.target_R"": 5.0, ""exit.trail_activation_R"": 1.0, ""exit.trail_ma"": 100, ""risk.max_positions"": 6, ""risk.max_weight"": 0.3, ""risk.risk_per_trade"": 0.025, ""risk.stop_pct"": 0.05, ""risk.stop_use_contraction_low"": false, ""tt.rs_percentile_min"": 70.0, ""vcp.base_min_days"": 15, ""vcp.contraction_ratio_max"": 0.5, ""vcp.final_depth_max"": 0.06, ""vcp.min_contractions"": 3, ""vcp.pivot_max_below_base_high"": 0.15, ""vcp.setup_max_active_days"": 40, ""vcp.swing_window"": 2, ""vcp.vdu_ratio_max"": 1.0}",6.3964,0.1665,1.116,-0.1423,3.963,376,0.2633,0.495,2.202,0.7488,376,1.5
market,"{""entry.market_filter"": true, ""entry.market_filter_ma"": 100,",IS,"{""entry.bo_vol_mult"": 1.4, ""entry.market_filter"": true, ""entry.market_filter_ma"": 100, ""entry.rank_by"": ""tightness"", ""exit.breakeven_at_R"": 1.0, ""exit.target_R"": 5.0, ""exit.trail_activation_R"": 1.0, ""exit.trail_ma"": 100, ""risk.max_positions"": 6, ""risk.max_weight"": 0.3, ""risk.risk_per_trade"": 0.025, ""risk.stop_pct"": 0.05, ""risk.stop_use_contraction_low"": false, ""tt.rs_percentile_min"": 70.0, ""vcp.base_min_days"": 15, ""vcp.contraction_ratio_max"": 0.5, ""vcp.final_depth_max"": 0.06, ""vcp.min_contractions"": 3, ""vcp.pivot_max_below_base_high"": 0.15, ""vcp.setup_max_active_days"": 20, ""vcp.swing_window"": 2, ""vcp.vdu_ratio_max"": 1.0}",2.1616,0.0926,0.701,-0.2091,1.339,337,0.2136,0.258,1.541,0.7032,337,1.2
market,"{""entry.market_filter"": true, ""entry.market_filter_ma"": 100,",IS,"{""entry.bo_vol_mult"": 1.4, ""entry.market_filter"": true, ""entry.market_filter_ma"": 100, ""entry.rank_by"": ""tightness"", ""exit.breakeven_at_R"": 1.0, ""exit.target_R"": 5.0, ""exit.trail_activation_R"": 1.0, ""exit.trail_ma"": 100, ""risk.max_positions"": 6, ""risk.max_weight"": 0.3, ""risk.risk_per_trade"": 0.025, ""risk.stop_pct"": 0.05, ""risk.stop_use_contraction_low"": false, ""tt.rs_percentile_min"": 70.0, ""vcp.base_min_days"": 15, ""vcp.contraction_ratio_max"": 0.5, ""vcp.final_depth_max"": 0.06, ""vcp.min_contractions"": 3, ""vcp.pivot_max_below_base_high"": 0.15, ""vcp.setup_max_active_days"": 40, ""vcp.swing_window"": 2, ""vcp.vdu_ratio_max"": 1.0}",4.1494,0.1344,0.952,-0.1791,2.571,355,0.2282,0.347,2.004,0.7189,355,1.4
market,"{""entry.market_filter"": false, ""entry.market_filter_ma"": 200",IS,"{""entry.bo_vol_mult"": 1.4, ""entry.market_filter"": false, ""entry.market_filter_ma"": 200, ""entry.rank_by"": ""tightness"", ""exit.breakeven_at_R"": 1.0, ""exit.target_R"": 5.0, ""exit.trail_activation_R"": 1.0, ""exit.trail_ma"": 100, ""risk.max_positions"": 6, ""risk.max_weight"": 0.3, ""risk.risk_per_trade"": 0.025, ""risk.stop_pct"": 0.05, ""risk.stop_use_contraction_low"": false, ""tt.rs_percentile_min"": 70.0, ""vcp.base_min_days"": 15, ""vcp.contraction_ratio_max"": 0.5, ""vcp.final_depth_max"": 0.06, ""vcp.min_contractions"": 3, ""vcp.pivot_max_below_base_high"": 0.15, ""vcp.setup_max_active_days"": 20, ""vcp.swing_window"": 2, ""vcp.vdu_ratio_max"": 1.0}",2.2354,0.0946,0.66,-0.2541,1.385,424,0.2052,0.25,1.45,0.7964,424,1.2
market,"{""entry.market_filter"": false, ""entry.market_filter_ma"": 200",IS,"{""entry.bo_vol_mult"": 1.4, ""entry.market_filter"": false, ""entry.market_filter_ma"": 200, ""entry.rank_by"": ""tightness"", ""exit.breakeven_at_R"": 1.0, ""exit.target_R"": 5.0, ""exit.trail_activation_R"": 1.0, ""exit.trail_ma"": 100, ""risk.max_positions"": 6, ""risk.max_weight"": 0.3, ""risk.risk_per_trade"": 0.025, ""risk.stop_pct"": 0.05, ""risk.stop_use_contraction_low"": false, ""tt.rs_percentile_min"": 70.0, ""vcp.base_min_days"": 15, ""vcp.contraction_ratio_max"": 0.5, ""vcp.final_depth_max"": 0.06, ""vcp.min_contractions"": 3, ""vcp.pivot_max_below_base_high"": 0.15, ""vcp.setup_max_active_days"": 40, ""vcp.swing_window"": 2, ""vcp.vdu_ratio_max"": 1.0}",2.4042,0.0989,0.681,-0.2249,1.49,445,0.2315,0.313,1.627,0.8202,445,1.5
validate,winner_OOS,OOS,"{""entry.bo_vol_mult"": 1.4, ""entry.rank_by"": ""tightness"", ""exit.breakeven_at_R"": 1.0, ""exit.target_R"": 5.0, ""exit.trail_activation_R"": 1.0, ""exit.trail_ma"": 100, ""risk.max_positions"": 6, ""risk.max_weight"": 0.3, ""risk.risk_per_trade"": 0.025, ""risk.stop_pct"": 0.05, ""risk.stop_use_contraction_low"": false, ""tt.rs_percentile_min"": 70.0, ""vcp.base_min_days"": 15, ""vcp.contraction_ratio_max"": 0.5, ""vcp.final_depth_max"": 0.06, ""vcp.min_contractions"": 3, ""vcp.pivot_max_below_base_high"": 0.15, ""vcp.swing_window"": 2, ""vcp.vdu_ratio_max"": 1.0}",0.0808,0.0081,0.129,-0.4908,0.028,338,0.2041,0.032,1.049,0.8195,338,2.2
validate,winner_FULL,FULL,"{""entry.bo_vol_mult"": 1.4, ""entry.rank_by"": ""tightness"", ""exit.breakeven_at_R"": 1.0, ""exit.target_R"": 5.0, ""exit.trail_activation_R"": 1.0, ""exit.trail_ma"": 100, ""risk.max_positions"": 6, ""risk.max_weight"": 0.3, ""risk.risk_per_trade"": 0.025, ""risk.stop_pct"": 0.05, ""risk.stop_use_contraction_low"": false, ""tt.rs_percentile_min"": 70.0, ""vcp.base_min_days"": 15, ""vcp.contraction_ratio_max"": 0.5, ""vcp.final_depth_max"": 0.06, ""vcp.min_contractions"": 3, ""vcp.pivot_max_below_base_high"": 0.15, ""vcp.swing_window"": 2, ""vcp.vdu_ratio_max"": 1.0}",6.8282,0.0954,0.699,-0.4885,0.747,717,0.2427,0.308,1.383,0.7796,717,3.8
