,adr_pct,gap_pct,volvol,dollar_vol_m,price,n_trades,sum_ret,avg_ret,win
MU,7.137741291365825,4.138975320566216,0.28497594011282995,47817.35189879679,856.2899780273438,1,-0.6202222989311186,-0.6202222989311186,False
NVDA,3.3125528979092427,1.1080357275431651,0.2561321802828097,30867.11807405175,218.94000244140625,2,-0.3147333111383523,-0.15736665556917614,False
SNDK,9.193247500056104,4.270708964306378,0.32562907085284865,21334.38667990416,1264.2049560546875,3,0.4163891917826438,0.13879639726088125,True
AAPL,2.3805985537758043,0.6607358071470338,0.5738175453398366,17373.04280968986,306.18499755859375,1,0.2797974823100036,0.2797974823100036,True
MSFT,2.8371887652646968,1.1932367051561854,0.5964673641538539,16912.08523687595,502.6549987792969,5,-0.609769467075678,-0.1219538934151356,False
AMD,5.895408751475479,2.9125437465980255,0.2511794951979385,15178.72527539959,470.4700012207031,3,0.33122084753340286,0.11040694917780096,True
INTC,6.84392036690228,3.2667058997824516,0.263027042003073,13429.39634370247,97.66000366210938,1,1.0176007620082177,1.0176007620082177,True
AMZN,2.7577958750745997,1.0510777879656656,0.644845505192455,12577.345769347217,272.8902893066406,2,0.6939612043740377,0.34698060218701887,True
GOOGL,2.81815801001724,0.9529775452388694,0.4657394039302608,11811.77112671454,351.7749938964844,2,-0.09193463144530942,-0.04596731572265471,False
META,3.188282137594861,1.1835578174035237,0.42178309586354845,10965.237376235269,606.8049926757812,1,0.7284386026243709,0.7284386026243709,True
MRVL,8.042879069236134,4.075621512320523,0.869489590772157,10613.67797908834,210.40499877929688,4,-1.7647974556462978,-0.44119936391157444,False
AVGO,3.689196255478846,2.059101416200043,0.4687363573748336,10348.259681543996,421.82000732421875,2,-0.365587523503432,-0.182793761751716,False
GOOG,2.7653113825874494,0.934291044021192,0.5091129164134491,8018.925761911829,350.114990234375,4,0.5096781636593585,0.12741954091483962,True
PLTR,4.740590105385868,1.7171300435456223,0.529558788618677,5902.0677572661025,174.97999572753906,2,-0.535030419280619,-0.2675152096403095,False
AMAT,5.750068407986888,3.1953352422198016,0.4433119553106433,5215.5041745835715,530.9398803710938,2,-1.031611830705599,-0.5158059153527995,False
WDC,7.29518580731916,4.0175856759178,0.427949164701386,4746.549936916933,441.1400146484375,6,-1.9291815200255669,-0.3215302533375945,False
ORCL,5.112671533428222,1.6048793449490446,0.400439005266087,5019.703681552983,145.2404022216797,5,1.1959452434485751,0.23918904868971502,True
STX,7.2252566552433155,3.656508866807255,0.3753759189851884,4103.631442768514,816.76123046875,2,-0.9154696873219659,-0.45773484366098294,False
LITE,8.54851834885933,2.8618593035224476,0.303788246514691,4413.862542378942,812.3300170898438,3,2.409764154648832,0.8032547182162774,True
LLY,3.0977164889631412,0.9267380809323376,0.3654142745121716,3438.7012622324746,1223.050048828125,1,-0.2048890386747688,-0.2048890386747688,False
QCOM,5.80792015316667,2.1574451908945633,0.4469685015922823,3669.4842859793566,163.14999389648438,3,-0.5946397885257804,-0.19821326284192678,False
GEV,4.581111488657543,1.9504698463628927,0.33293383014630634,2916.650517862742,1013.1099853515625,3,-0.7292780367886638,-0.24309267892955458,False
DELL,6.961225583861516,2.576132872822077,0.6940837736346418,3467.2419978106,444.1199951171875,1,-0.3103005296292182,-0.3103005296292182,False
APP,5.798233584699399,1.8082460113356722,0.41950305055004505,2736.4720391814058,326.0199890136719,2,0.9548025444749916,0.4774012722374958,True
GLW,6.902684426660342,2.980715309337674,0.5312881902991214,2668.470724441685,159.39500427246094,1,-0.5299509779988377,-0.5299509779988377,False
ARM,8.43043613901568,3.3729669260964315,0.5851542910306007,3077.9722688572233,269.6549987792969,2,0.18934698697159924,0.09467349348579962,True
CSCO,3.1714912518111085,0.8104844691211368,0.34193444288947766,2792.8746573699873,121.70999908447266,1,-0.228396416421509,-0.228396416421509,False
TXN,3.794945240902349,1.9761929211646139,0.47179447797777185,2558.685782266578,282.9049987792969,2,-0.49028687394280424,-0.24514343697140212,False
WMT,2.2166687024588763,0.8979150178057997,0.32234810269800934,2769.762932406723,112.41500091552734,1,-0.1108822077694922,-0.1108822077694922,False
NOW,5.345669011390316,2.5401780032915675,0.45442133147210695,2964.3724145928386,127.66390228271484,7,-0.38364846535298125,-0.054806923621854464,False
UNH,2.5122590359153523,0.6492721537244658,0.40498056808476085,2491.142414885208,404.9549865722656,1,-0.108540733424245,-0.108540733424245,False
CRM,3.907812430803545,1.8391803152166537,0.495166397607021,2575.1007608788677,198.2899932861328,3,-1.0815515129540376,-0.3605171709846792,False
BRK-B,1.4174538384457769,0.31692932028823273,0.2875529518722384,2370.7707502774174,522.1599731445312,2,0.00857868353256809,0.004289341766284045,True
GS,2.898042393790447,1.0300829834644465,0.3187561890502703,2245.1945097144167,1036.7099609375,2,0.0573009768138355,0.02865048840691775,True
PANW,4.736762897404819,1.1225547065004455,0.3893934083831941,2352.441748267218,383.1474914550781,3,0.625215203370129,0.208405067790043,True
COST,1.9757360959263102,0.7052528499911197,0.477891666816316,2311.4197241536685,938.4650268554688,1,-0.1557432919413122,-0.1557432919413122,False
RKLB,8.052804737413728,2.644904013391326,0.4145744237620341,2484.8969763686373,78.625,1,-0.3330869588435337,-0.3330869588435337,False
MSTR,6.194451884955477,2.3771333826656615,0.48030742707109153,2240.3344648120515,96.5999984741211,2,0.36646620354837656,0.18323310177418828,True
COHR,8.523654812228179,3.1899283367809512,0.34666336950189,1981.8653070844337,329.2200012207031,4,0.14094962621367785,0.03523740655341946,True
VRT,5.6767536610865115,2.6621248265120827,0.5695641038528587,1907.1555909403255,278.7950134277344,1,-0.3213979720887287,-0.3213979720887287,False
MA,2.088832685377436,0.5643118520614135,0.358135185620167,1831.4364444937084,565.5900268554688,1,-0.1148516605614577,-0.1148516605614577,False
CRWD,4.954078710492664,1.1261476529130663,0.44153951517908646,2070.444572578186,223.15499877929688,4,-1.0287679791371216,-0.2571919947842804,False
TER,6.939735748008561,3.341869020696121,0.5898024368819602,1650.6159554895921,381.2099914550781,2,-0.6112522328264646,-0.3056261164132323,False
ABBV,2.420141114420794,0.6528521660658763,0.9268951196924813,1613.0532856901805,248.32000732421875,4,-0.26494179991057354,-0.06623544997764338,False
SMCI,7.24250693399983,2.558637088169179,0.759163334744173,1743.1097416470882,31.760000228881836,2,-1.6937522825904376,-0.8468761412952188,False
ADBE,3.8895318309111735,1.7366132078351864,0.5660959654533496,1489.2639831856864,267.82000732421875,3,-0.061088441558579676,-0.02036281385285989,False
KO,1.8287382097110758,0.6601336805711311,0.45285911095164433,1471.5948980181352,86.20989990234375,3,-0.45291380163295397,-0.15097126721098467,False
SNOW,5.174670457836483,1.9186233880949546,0.8050476209925022,1872.4883877803427,336.81500244140625,1,-0.3797442100045444,-0.3797442100045444,False
UBER,3.172291254971022,0.7680449020793597,0.48508673573794114,1488.0846389984638,78.78079986572266,2,-0.8034607735713204,-0.4017303867856602,False
HD,2.417555429162603,0.7737489765183221,0.353451881812439,1526.818804690773,355.4649963378906,1,-0.1473525524056877,-0.1473525524056877,False
MPWR,5.483544997620548,2.79260951335972,0.5070329320533206,1354.5257140617878,1403.8399658203125,4,-2.9615723356560846,-0.7403930839140211,False
ANET,5.065508235754079,1.9055403721549833,0.33558569647331893,1422.6439617254796,197.04989624023438,4,-0.4654492917629999,-0.11636232294074997,False
ASTS,9.170627004635728,2.798191956643935,0.5285532653879511,1777.107545442336,69.55000305175781,2,1.2887423353558825,0.6443711676779412,True
ACN,4.386320508026055,1.835365556946331,0.7821015811042787,1245.2920038157883,179.02999877929688,1,-0.2776877992446365,-0.2776877992446365,False
INTU,4.424065874590551,2.1503783362055433,0.5630952755122439,1642.5126367350367,334.2099914550781,2,-0.3766404974907621,-0.18832024874538106,False
BKNG,3.4039959943046885,1.026169559778599,0.37119833138490216,1302.4812186240742,213.0500030517578,2,0.2477834599834137,0.12389172999170685,True
VZ,2.592984625291015,0.6935585528388322,0.4535811744179151,1252.7574620224623,47.16999816894531,2,0.22460957093751033,0.11230478546875516,True
WFC,2.1978530241184213,0.5806736354717499,0.39247148983859237,1277.85839338428,87.72000122070312,1,-0.1968595764451159,-0.1968595764451159,False
BA,2.8594942405799224,0.704633773947694,0.35991326514241306,1357.662935432783,234.42999267578125,6,0.5527805136180388,0.09213008560300646,True
MCD,1.9257393113138603,0.5658807581125226,0.2688461760856459,1257.1313666632009,271.7850036621094,3,-0.5847805456019975,-0.1949268485339992,False
APH,3.8735218778179967,1.6998756426993544,0.3694527358712495,1321.4219539534351,170.77499389648438,1,0.1656769581112117,0.1656769581112117,True
MS,2.653495004970651,0.8296621271359026,0.33127482254415025,1257.675668829451,215.3000030517578,2,-0.3448902861627081,-0.17244514308135406,False
MRK,2.502643664505115,0.6547590697469016,0.3884533968842569,1245.22118639491,130.21499633789062,3,-1.1632333627048195,-0.3877444542349398,False
COIN,5.5558519417472665,1.9143108104512068,0.3614260489129272,1329.1573365883748,149.0,1,1.210612417039954,1.210612417039954,True
DDOG,5.244381002214523,1.7141563545105047,0.4515079454044245,1298.940444838559,252.4550018310547,3,1.6357131119543924,0.5452377039847974,True
NXPI,4.253234237391691,1.9407508041037438,0.37109235008968205,1196.9256388371216,239.1300048828125,2,0.16183982406675013,0.08091991203337506,True
SHOP,4.705749108753861,1.640806205349588,0.5517066550202984,1170.972675843824,153.2899932861328,7,0.8191558868132015,0.11702226954474307,True
ON,5.500568412277077,2.7974995379754093,0.49752454696286125,1230.0491524516576,81.9800033569336,2,-0.5573918149119473,-0.27869590745597367,False
CIEN,6.52223386220325,2.5056234794122494,0.587501371612625,1267.8706980859924,386.8399963378906,1,-0.5119391668601116,-0.5119391668601116,False
LIN,1.9591958408848555,0.6144413642263,0.350941298667473,1173.68626507621,492.7950134277344,1,-0.4406413771522848,-0.4406413771522848,False
TMO,2.677660662950753,0.8309877205817632,0.39328761050010214,1157.366498162319,598.9949951171875,1,0.5171960998214301,0.5171960998214301,True
PFE,1.9070649568144402,0.43256181757138507,0.38754704124949063,1041.9993338391369,26.73509979248047,4,-0.42631373932930083,-0.10657843483232521,False
MCHP,4.579034761684538,2.1867760769204954,0.3584123595603071,1035.7517658884456,82.56500244140625,2,-0.48904321708696497,-0.24452160854348248,False
IONQ,7.884421945801176,1.9311691458817777,0.4247073412890985,1287.7064613441578,43.040000915527344,3,0.7064517735424439,0.23548392451414799,True
AZO,2.95783224275974,0.7152589867818248,0.7298339150990774,1069.3318307489014,3081.06494140625,1,0.2149767327477557,0.2149767327477557,True
AMGN,2.5330100229579227,0.6591807275281891,0.41816515429638135,971.7185555862519,414.1549987792969,4,0.4409157466500594,0.11022893666251485,True
TMUS,2.955172017584369,1.1059035199321512,0.35685974358621203,978.4750170295018,180.35000610351562,2,-0.022238472815378107,-0.011119236407689054,False
GILD,2.743270182719316,0.6869886951620672,0.4125440649379293,1003.4300623688857,134.77999877929688,1,-0.1464215997693012,-0.1464215997693012,False
DHR,2.900880779368091,0.942425283918029,0.7277989531939697,938.5922927832713,206.92999267578125,2,-0.06344092437017651,-0.031720462185088255,False
HPE,5.660912559477633,2.4128411724672088,0.9146428628240679,1245.491691978593,54.89500045776367,1,0.2403593406194592,0.2403593406194592,True
ETN,3.58110351551413,1.5612280539439638,0.33964114078785734,990.2296883638977,460.8450012207031,2,0.30644593501504636,0.15322296750752318,True
PM,2.5848696711440624,0.7253970316352552,0.34806736785087,914.2176263161713,185.35000610351562,1,-0.4078852186080413,-0.4078852186080413,False
FLEX,6.144937787586125,2.409465803628503,1.4959418345654687,929.1865198521244,120.87999725341797,7,0.44703278775942146,0.0638618268227745,True
SPGI,2.742622352265322,0.8486257687478473,0.39575832618539525,939.8642901760243,410.6400146484375,4,0.8559242291392598,0.21398105728481495,True
SCHW,2.2760142623965898,0.5277856472685889,0.4074614856882792,981.5671359162227,108.08999633789062,3,-0.1195250056863684,-0.039841668562122796,False
FCX,3.8832254587266655,1.693493911591355,0.2711227616010982,898.3117534178625,68.91500091552734,2,1.76032804023737,0.880164020118685,True
FIX,5.12566872644097,2.1073248041929253,0.4227875809612248,905.6411379332947,1697.4549560546875,1,-0.6335191424713437,-0.6335191424713437,False
NET,5.398979915725455,1.3294709278587953,0.41092639882460535,944.1510335884836,311.19000244140625,5,1.9240316112315035,0.3848063222463007,True
FTNT,4.155976743068273,1.0462610393111094,0.40384566156179286,899.6421930183357,162.38999938964844,2,0.4437471287224267,0.22187356436121336,True
BSX,3.1317976239026,1.1545932447729266,0.44666035699287654,983.6101087539752,50.9900016784668,1,-0.1870644460511858,-0.1870644460511858,False
CEG,3.534107970392498,1.0914903400571454,0.46856333610728335,934.7362411277924,276.75,2,-0.6524998402998459,-0.32624992014992293,False
CMCSA,3.05771578213211,1.00695226219064,0.4893543823025153,839.2652037268472,25.405000686645508,4,-1.1932208983555992,-0.2983052245888998,False
RDDT,6.270211261401934,1.6663128696175016,0.7594633470825576,870.8148105733368,159.80999755859375,1,-0.3033132893376742,-0.3033132893376742,False
MCK,2.568745322978117,0.7883128334553539,0.38937147982861064,895.2242012896322,897.3699951171875,4,0.0903013200049051,0.022575330001226274,True
PWR,3.843149195430626,1.49787669425538,0.6631280430464105,844.1480121185913,670.260009765625,1,-0.2864587012013294,-0.2864587012013294,False
VLO,3.5462997456644296,1.1445136691293407,0.35477182007811053,811.2628989592977,321.9425048828125,2,-0.4491401566684454,-0.2245700783342227,False
CDNS,3.7807967577912716,1.2914419749283752,0.4600350905284019,870.588795016276,324.2900085449219,3,-0.9645806036824494,-0.3215268678941498,False
CVS,2.396887403331101,0.6991403640892896,0.4075849976722634,807.1664862664167,94.08000183105469,1,-0.1605144513825453,-0.1605144513825453,False
BLK,2.359383213973002,0.7274174801866303,0.37550908841072794,811.760948965973,1145.6099853515625,1,-0.1570506849416778,-0.1570506849416778,False
DASH,4.53697796013117,0.9365739107164315,0.3208307326804561,821.3061041371682,214.60499572753906,4,-1.2443529123788908,-0.3110882280947227,False
UNP,2.173357053876647,0.5199190639146283,0.3814412042546738,827.8457968218007,291.0849914550781,2,-0.5849391447712315,-0.2924695723856158,False
NEM,3.2314337152476127,1.8377987819797306,0.3159807859207888,817.0446321293309,117.65579986572266,3,-0.27208997707578136,-0.09069665902526046,False
CME,2.7423465527872675,0.7154065199282147,0.4792668591664512,835.4777777489309,261.1099853515625,2,-0.3393186792037919,-0.16965933960189594,False
SBUX,2.599397305373867,0.5486909097980238,0.4015257526582774,788.4509895811528,106.44999694824219,2,-0.2951130112933117,-0.14755650564665584,False
WELL,2.463228375185848,0.48725837241006215,0.4388655259512681,782.6031352194982,228.16000366210938,1,-0.2022656039629104,-0.2022656039629104,False
BMY,2.5731517868602065,0.5588989295739846,0.46107572904161337,728.097019708166,63.66999816894531,2,0.4071712900586687,0.20358564502933435,True
ROKU,2.542783390949971,0.5805074786704921,1.1435426778470863,606.3895938958199,151.7899932861328,1,-0.1112157618028274,-0.1112157618028274,False
HLT,2.2666062818067063,0.5670618473727207,0.8193325101065756,675.2078098107605,313.0799865722656,1,-0.2247484410809763,-0.2247484410809763,False
RCL,3.9511122542012895,1.1999607101977479,0.4629021347796099,765.6372040433466,305.4800109863281,3,-1.1306521103398472,-0.3768840367799491,False
ORLY,2.711633487734295,0.8056100701525062,0.4412101020794497,698.3844349114,93.24500274658203,2,0.08286828505219479,0.041434142526097395,True
CVNA,5.448865521433764,1.3974948502700377,0.5143854157662799,719.2587983342439,71.4800033569336,2,-0.5467212086468218,-0.2733606043234109,False
