n_trades,win_rate,profit_factor,expectancy_pct,avg_win_pct,avg_loss_pct,total_return_pct,ann_return_pct,max_dd_pct,sharpe,avg_bars_held,score,timeframe,require_above_vwap,momentum_mode,momentum_lookback,momentum_min_gain_atr,hod_dist_atr,hod_day_gain_atr,relvol_min,pullback_def,min_pullback_bars,max_pullback_bars,pullback_hold_ema,max_retrace_atr,market_filter,in_play_filter,in_play_gain_adr,in_play_relvol,rsi_filter,rsi_min,rsi_max,macd_filter,macd_rising,stop_mode,stop_atr_mult,stop_pct,stop_cap_pct,target_mode,target_rr,target_pct,trail_mode,trail_atr_mult,trail_pct,trail_activate_rr,entry_start_min,entry_end_min,eod_exit_min,intrabar,sizing_mode,risk_per_trade_pct,pos_leverage_cap,max_concurrent
55,36.36363636363637,1.3437213593710886,0.07839109500621502,0.8427565269058416,-0.3583891517935716,9.560621272294023,279.2761203038632,-4.068486230761072,4.060332995674236,19.254545454545454,7.526378156913488,1m,True,surge,4,1.5,1.0,2.0,1.7,lower_high,1,2,False,99.0,False,True,0.3,1.2,False,50.0,80.0,True,False,pullback_low,1.0,0.5,1.5,rr,3.0,1.0,none,1.5,0.4,1.0,575,930,955,pessimistic,risk,1.0,2.0,4
53,35.84905660377358,1.3498642451299963,0.07817153254126614,0.8413204153452162,-0.34829401961388246,9.162161791103852,259.6276402623833,-4.068486230761057,4.051651991358467,16.056603773584907,7.127918675723324,1m,True,surge,4,1.5,1.0,2.0,1.7,lower_high,1,2,False,99.0,False,True,0.3,1.2,True,50.0,80.0,True,False,pullback_low,1.0,0.5,1.5,rr,3.0,1.0,none,1.5,0.4,1.0,575,930,955,pessimistic,risk,1.0,2.0,4
74,43.24324324324324,1.1982637101050009,0.061589264162899685,0.8607874662102091,-0.5473236516826694,8.722792282586722,239.06325430863765,-9.991821804085294,2.7810008474241195,44.82432432432432,3.726881380544075,1m,True,surge,4,1.5,1.0,2.0,1.7,red_or_lh,1,2,False,99.0,False,True,0.3,1.2,True,50.0,80.0,True,False,pct,1.0,0.5,1.5,rr,2.0,1.0,none,1.5,0.4,1.0,575,930,955,pessimistic,risk,1.0,2.0,4
67,35.82089552238806,1.2094682727123935,0.04824188372044408,0.7776139576245201,-0.35884950636555185,7.653656435667888,193.5082162159194,-5.636168190238881,2.938579239185965,18.65671641791045,4.835572340548447,1m,True,surge,4,1.5,1.0,2.0,1.7,lower_high,1,3,False,99.0,False,True,0.3,1.2,False,50.0,80.0,True,False,pullback_low,1.0,0.5,1.5,rr,3.0,1.0,none,1.5,0.4,1.0,575,930,955,pessimistic,risk,1.0,2.0,4
129,41.08527131782946,1.098954894317309,0.03177716935978919,0.8589574237185427,-0.5450722185482891,7.157555566571627,174.3676176835205,-5.3135296477022935,3.2899852813575294,36.093023255813954,4.500790742720481,1m,True,surge,4,1.5,1.0,2.0,1.3,red_or_lh,1,2,False,99.0,False,True,0.3,1.2,True,50.0,80.0,True,False,pct,1.0,0.5,1.5,rr,2.0,1.0,none,1.5,0.4,1.0,575,930,955,pessimistic,risk,1.0,2.0,4
59,33.898305084745765,1.23447023883803,0.05426092715976002,0.8427565269058416,-0.35009579065874347,7.148067818427628,174.01315983332236,-4.560416307780286,3.0671533590090267,19.016949152542374,4.867859664537486,1m,True,surge,4,1.5,1.0,2.0,1.7,lower_high,1,2,False,99.0,False,True,0.3,1.2,False,50.0,80.0,False,False,pullback_low,1.0,0.5,1.5,rr,3.0,1.0,none,1.5,0.4,1.0,575,930,955,pessimistic,risk,1.0,2.0,4
120,34.166666666666664,1.107205182993373,0.02479331105037048,0.7494527300406327,-0.3512957545015378,6.919119186330014,165.58799230965016,-8.89397702252393,1.9398489301929922,19.666666666666668,2.4721306750680485,1m,True,surge,4,1.5,1.0,2.0,1.3,lower_high,1,3,False,99.0,False,True,0.3,1.2,False,50.0,80.0,True,False,pullback_low,1.0,0.5,1.5,rr,3.0,1.0,none,1.5,0.4,1.0,575,930,955,pessimistic,risk,1.0,2.0,4
101,31.683168316831683,1.1194442713341322,0.029209823675347718,0.8640472327849935,-0.35796114866535755,6.916450605945612,165.49122860177908,-9.929662401319163,1.9700820293696821,19.91089108910891,1.9516194052860305,1m,True,surge,4,1.5,1.0,2.0,1.3,lower_high,1,2,False,99.0,False,True,0.3,1.2,False,50.0,80.0,True,False,pullback_low,1.0,0.5,1.5,rr,3.0,1.0,none,1.5,0.4,1.0,575,930,955,pessimistic,risk,1.0,2.0,4
57,33.333333333333336,1.2341684242175144,0.05321010003107228,0.8413204153452162,-0.3408450576259998,6.758382518931616,159.81784983654532,-4.560416307780281,3.042206528670422,16.035087719298247,4.478174365041475,1m,True,surge,4,1.5,1.0,2.0,1.7,lower_high,1,2,False,99.0,False,True,0.3,1.2,True,50.0,80.0,False,False,pullback_low,1.0,0.5,1.5,rr,3.0,1.0,none,1.5,0.4,1.0,575,930,955,pessimistic,risk,1.0,2.0,4
26,34.61538461538461,1.3608146681762916,0.13216512050070317,1.4400000000000008,-0.5602180509989251,6.60800554861638,204.09796403172257,-3.3225084927999826,3.5246620613838346,39.38461538461539,-7.053248697783611,1m,True,surge,4,1.5,1.0,2.0,1.3,lower_high,1,3,False,99.0,False,True,0.5,1.5,False,50.0,80.0,False,False,pct,1.0,0.5,1.5,rr,3.0,1.0,none,1.5,0.4,1.0,575,690,955,pessimistic,risk,1.0,2.0,4
97,29.896907216494846,1.1216742046418853,0.029209639793267645,0.900675095263133,-0.3424447456277043,6.106831158923254,137.60349928896778,-10.913640759469288,1.777876059633136,14.68041237113402,0.6500107791886096,1m,True,surge,4,1.5,1.0,2.0,1.3,lower_high,1,2,False,99.0,False,True,0.3,1.2,True,50.0,80.0,True,False,pullback_low,1.0,0.5,1.5,rr,3.0,1.0,none,1.5,0.4,1.0,575,930,955,pessimistic,risk,1.0,2.0,4
35,34.285714285714285,1.246449018271754,0.09069323872400521,1.3378552796116796,-0.5599999999999987,5.938787595325512,140.46106553479635,-5.431502594148502,2.1182758598554687,40.6,-4.276963701748739,1m,True,surge,4,1.5,1.0,2.0,1.3,lower_high,1,3,False,99.0,False,True,0.3,1.2,False,50.0,80.0,True,False,pct,1.0,0.5,1.5,rr,3.0,1.0,none,1.5,0.4,1.0,575,690,955,pessimistic,risk,1.0,2.0,4
64,34.375,1.163093671760456,0.03753423778604499,0.7786861975510274,-0.3506882173289459,5.861383037130308,129.70393139928862,-6.420553268662839,2.3720744942979657,15.9375,2.6511064027988884,1m,True,surge,4,1.5,1.0,2.0,1.7,lower_high,1,3,False,99.0,False,True,0.3,1.2,True,50.0,80.0,True,False,pullback_low,1.0,0.5,1.5,rr,3.0,1.0,none,1.5,0.4,1.0,575,930,955,pessimistic,risk,1.0,2.0,4
77,41.55844155844156,1.1138192993707443,0.036462963566393655,0.8586012989151384,-0.5481687415704913,4.966117074375065,102.91648336668149,-9.99182180408529,1.8965521729514316,45.38961038961039,-0.02979382766758043,1m,True,surge,4,1.5,1.0,2.0,1.7,red_or_lh,1,2,False,99.0,False,True,0.3,1.2,False,50.0,80.0,True,False,pct,1.0,0.5,1.5,rr,2.0,1.0,none,1.5,0.4,1.0,575,930,955,pessimistic,risk,1.0,2.0,4
139,40.28776978417266,1.0661422985918212,0.021577373002969844,0.8632989903050498,-0.5463311880683129,4.72462434575498,96.20616236786377,-3.322508492799977,3.3859931086859256,36.35251798561151,3.0633700993549913,1m,True,surge,4,1.5,1.0,2.0,1.3,red_or_lh,1,2,False,99.0,False,True,0.3,1.2,True,50.0,80.0,False,False,pct,1.0,0.5,1.5,rr,2.0,1.0,none,1.5,0.4,1.0,575,930,955,pessimistic,risk,1.0,2.0,4
72,33.333333333333336,1.108811876072688,0.025436726588561227,0.7776139576245201,-0.3506518889294183,4.671091853897069,94.746927610957,-6.197365377961033,1.8203879279401358,18.23611111111111,1.5724091649165528,1m,True,surge,4,1.5,1.0,2.0,1.7,lower_high,1,3,False,99.0,False,True,0.3,1.2,False,50.0,80.0,False,False,pullback_low,1.0,0.5,1.5,rr,3.0,1.0,none,1.5,0.4,1.0,575,930,955,pessimistic,risk,1.0,2.0,4
78,41.02564102564103,1.0918678810935984,0.0297128916417252,0.8607874662102091,-0.5484259428406985,3.933231030704154,75.63645317662645,-9.991821804085296,1.8840121035137614,45.5,-1.062679871338494,1m,True,surge,4,1.5,1.0,2.0,1.7,red_or_lh,1,2,False,99.0,False,True,0.3,1.2,True,50.0,80.0,False,False,pct,1.0,0.5,1.5,rr,2.0,1.0,none,1.5,0.4,1.0,575,930,955,pessimistic,risk,1.0,2.0,4
148,39.86486486486486,1.0490560214500384,0.016143901986287637,0.866013323790517,-0.5472526810075273,3.3640524180532427,62.10451208916896,-6.213139723971457,2.6312365863389053,34.972972972972975,0.25748255606751425,1m,True,surge,4,1.5,1.0,2.0,1.3,red_or_lh,1,2,False,99.0,False,True,0.3,1.2,False,50.0,80.0,False,False,pct,1.0,0.5,1.5,rr,2.0,1.0,none,1.5,0.4,1.0,575,930,955,pessimistic,risk,1.0,2.0,4
146,39.726027397260275,1.045538184025023,0.015016836440286379,0.8678956332750305,-0.5471078251098859,2.9757996779009366,53.43821206781658,-9.719425322434166,1.6572738603236812,36.486301369863014,-1.8839129833161463,1m,True,surge,4,1.5,1.0,2.0,1.3,red_or_lh,1,3,False,99.0,False,True,0.3,1.2,True,50.0,80.0,True,False,pct,1.0,0.5,1.5,rr,2.0,1.0,none,1.5,0.4,1.0,575,930,955,pessimistic,risk,1.0,2.0,4
69,31.884057971014492,1.0620861746249077,0.014513468455268623,0.7786861975510274,-0.3431844047384909,2.92847372333942,52.41186593311944,-7.422345478433064,1.1848551644310212,15.695652173913043,-0.7826990158771121,1m,True,surge,4,1.5,1.0,2.0,1.7,lower_high,1,3,False,99.0,False,True,0.3,1.2,True,50.0,80.0,False,False,pullback_low,1.0,0.5,1.5,rr,3.0,1.0,none,1.5,0.4,1.0,575,930,955,pessimistic,risk,1.0,2.0,4
39,46.15384615384615,1.312351135258123,0.07827106068801783,0.7125252900978438,-0.46537542166326157,2.905876571624777,54.594610568753055,-2.898333079380455,2.319408684044521,6.461538461538462,-4.043289968065451,1m,True,surge,4,1.5,1.0,2.0,1.3,lower_high,1,3,False,99.0,False,True,0.3,1.2,False,50.0,80.0,True,False,pullback_low,1.0,0.5,1.5,rr,1.5,1.0,none,1.5,0.4,1.0,575,690,955,pessimistic,risk,1.0,2.0,4
35,42.857142857142854,1.4963319579812742,0.1140595289618647,0.8023503953178686,-0.4021586208051383,2.7988785879881073,52.16796559897927,-4.976641065354627,2.1028114563420734,5.685714285714286,-7.189441944689206,1m,True,surge,4,1.5,1.0,2.0,1.3,lower_high,1,3,False,99.0,True,True,0.3,1.2,False,50.0,80.0,False,False,pullback_low,1.0,0.5,1.5,rr,1.5,1.0,none,1.5,0.4,1.0,575,690,955,pessimistic,risk,1.0,2.0,4
118,30.508474576271187,1.0452394965396798,0.010413572665279354,0.7886372880400704,-0.33124561945048253,2.7122301592887865,47.80309278071908,-11.766997927548948,0.8759193157513615,14.152542372881356,-3.1712688044856874,1m,True,surge,4,1.5,1.0,2.0,1.3,lower_high,1,3,False,99.0,False,True,0.3,1.2,True,50.0,80.0,True,False,pullback_low,1.0,0.5,1.5,rr,3.0,1.0,none,1.5,0.4,1.0,575,930,955,pessimistic,risk,1.0,2.0,4
138,39.85507246376812,1.043869799509588,0.014415199231670594,0.8606324746116452,-0.5463311880683126,2.650964895174779,46.521152309004776,-5.688718731700094,1.7900742520126642,34.8768115942029,-0.19339447067526816,1m,True,surge,4,1.5,1.0,2.0,1.3,red_or_lh,1,2,False,99.0,False,True,0.3,1.2,False,50.0,80.0,True,False,pct,1.0,0.5,1.5,rr,2.0,1.0,none,1.5,0.4,1.0,575,930,955,pessimistic,risk,1.0,2.0,4
34,44.11764705882353,1.2237867008517984,0.05458617111673461,0.6766151936344259,-0.4364893729761795,2.6382876537252242,48.59256992839529,-2.898333079380455,2.109587613987261,6.323529411764706,-6.810878885965003,1m,True,surge,4,1.5,1.0,2.0,1.3,lower_high,1,3,False,99.0,False,True,0.3,1.2,True,50.0,80.0,True,False,pullback_low,1.0,0.5,1.5,rr,1.5,1.0,none,1.5,0.4,1.0,575,690,955,pessimistic,risk,1.0,2.0,4
32,31.25,1.1154332182408957,0.044455160759785096,1.3746272011294838,-0.5601684939537143,2.3548526312989315,42.47297221763375,-4.367509166893481,0.6007029577160601,36.84375,-8.82890195214781,1m,True,surge,4,1.5,1.0,2.0,1.3,lower_high,1,3,False,99.0,True,True,0.3,1.2,False,50.0,80.0,False,False,pct,1.0,0.5,1.5,rr,3.0,1.0,none,1.5,0.4,1.0,575,690,955,pessimistic,risk,1.0,2.0,4
28,42.857142857142854,1.1540062791626615,0.04114079649727671,0.7193151781866832,-0.4674899897697782,1.8065280089222036,31.296854333762305,-2.1060086319231863,1.6154072805620447,6.785714285714286,-10.246476307039389,1m,True,surge,4,1.5,1.0,2.0,1.3,lower_high,1,2,False,99.0,False,True,0.3,1.2,True,50.0,80.0,True,False,pullback_low,1.0,0.5,1.5,rr,1.5,1.0,none,1.5,0.4,1.0,575,690,955,pessimistic,risk,1.0,2.0,4
106,29.245283018867923,1.0095341261100244,0.0023714157948285172,0.8586021898245243,-0.35153730413744566,1.6934423523884634,27.784167880107713,-13.94066300713073,0.5860007963328652,14.452830188679245,-5.276889151176902,1m,True,surge,4,1.5,1.0,2.0,1.3,lower_high,1,2,False,99.0,False,True,0.3,1.2,True,50.0,80.0,False,False,pullback_low,1.0,0.5,1.5,rr,3.0,1.0,none,1.5,0.4,1.0,575,930,955,pessimistic,risk,1.0,2.0,4
32,43.75,1.2285621808790634,0.0639933079885435,0.7862293900236373,-0.4977458669276408,1.4615597658250046,24.691209076594678,-2.2081166696493875,1.3045256588112737,6.75,-8.64249856899969,1m,True,surge,4,1.5,1.0,2.0,1.3,lower_high,1,2,False,99.0,False,True,0.3,1.2,False,50.0,80.0,True,False,pullback_low,1.0,0.5,1.5,rr,1.5,1.0,none,1.5,0.4,1.0,575,690,955,pessimistic,risk,1.0,2.0,4
110,30.0,0.983649370336201,-0.004222746675409988,0.8467975838983129,-0.3689457454927198,0.9961103065058152,15.570731110238167,-13.947076536159098,0.4052691002820459,19.3,-25.977427961573735,1m,True,surge,4,1.5,1.0,2.0,1.3,lower_high,1,2,False,99.0,False,True,0.3,1.2,False,50.0,80.0,False,False,pullback_low,1.0,0.5,1.5,rr,3.0,1.0,none,1.5,0.4,1.0,575,930,955,pessimistic,risk,1.0,2.0,4
156,39.1025641025641,1.0215503164817294,0.007192485623809506,0.8719264978194133,-0.548057774838631,0.6982485778113556,10.69295687992986,-10.892341590126263,0.814460653407375,35.69230769230769,-4.747922217251776,1m,True,surge,4,1.5,1.0,2.0,1.3,red_or_lh,1,3,False,99.0,False,True,0.3,1.2,False,50.0,80.0,True,False,pct,1.0,0.5,1.5,rr,2.0,1.0,none,1.5,0.4,1.0,575,930,955,pessimistic,risk,1.0,2.0,4
30,30.0,1.046451701640721,0.01820906704316253,1.3673635568105396,-0.5599999999999989,0.6240023124997718,9.922511152842063,-6.49066976509403,-0.4773942648075928,29.933333333333334,-12.621332570047244,1m,True,surge,4,1.5,1.0,2.0,1.3,lower_high,1,2,False,99.0,False,True,0.3,1.2,False,50.0,80.0,True,False,pct,1.0,0.5,1.5,rr,3.0,1.0,none,1.5,0.4,1.0,575,690,955,pessimistic,risk,1.0,2.0,4
30,30.0,1.0464517016407198,0.01820906704316207,1.3673635568105378,-0.5599999999999989,0.6240023124997496,9.922511152841684,-7.581438543534647,-0.2856118954879669,36.233333333333334,-13.166716959267575,1m,True,surge,4,1.5,1.0,2.0,1.3,lower_high,1,3,False,99.0,False,True,0.3,1.2,True,50.0,80.0,True,False,pct,1.0,0.5,1.5,rr,3.0,1.0,none,1.5,0.4,1.0,575,690,955,pessimistic,risk,1.0,2.0,4
29,48.275862068965516,1.1589130087771358,0.04457388584931499,0.673351522068977,-0.5422852412890361,0.4331968968877664,7.802550389738383,-2.911950952077032,0.2866190033250326,6.379310344827586,-11.52277857915075,1m,True,surge,4,1.5,1.0,2.0,1.3,lower_high,1,3,False,99.0,False,True,0.5,1.5,False,50.0,80.0,False,False,pullback_low,1.0,0.5,1.5,rr,1.5,1.0,none,1.5,0.4,1.0,575,690,955,pessimistic,risk,1.0,2.0,4
81,39.50617283950617,1.0210962083004795,0.007008002402620998,0.8586012989151384,-0.5491345585851454,0.34204850011236854,5.111748255551807,-9.991821804085287,0.9875211257114902,46.01234567901235,-4.653862401930275,1m,True,surge,4,1.5,1.0,2.0,1.7,red_or_lh,1,2,False,99.0,False,True,0.3,1.2,False,50.0,80.0,False,False,pct,1.0,0.5,1.5,rr,2.0,1.0,none,1.5,0.4,1.0,575,930,955,pessimistic,risk,1.0,2.0,4
16,43.75,0.9080528558069149,-0.027234424201244417,0.6147705063562379,-0.5265715924126195,0.23564369071689129,4.175723559876743,-2.898333079380456,-1.4300513927319722,9.125,-38.213522848973334,1m,True,surge,4,1.5,1.0,2.0,1.7,lower_high,1,3,False,99.0,False,True,0.3,1.2,False,50.0,80.0,True,False,pullback_low,1.0,0.5,1.5,rr,1.5,1.0,none,1.5,0.4,1.0,575,690,955,pessimistic,risk,1.0,2.0,4
40,30.0,1.023626843545422,0.009263912208960908,1.3378552796116796,-0.5601323881064898,0.13011703060197277,1.9972604604048039,-6.497680821904956,-0.551062086154077,39.875,-8.118723380350506,1m,True,surge,4,1.5,1.0,2.0,1.3,lower_high,1,3,False,99.0,False,True,0.3,1.2,False,50.0,80.0,False,False,pct,1.0,0.5,1.5,rr,3.0,1.0,none,1.5,0.4,1.0,575,690,955,pessimistic,risk,1.0,2.0,4
31,41.935483870967744,0.9778324012984552,-0.006398235331321876,0.6730143498463436,-0.4970851024040803,-0.17682650022434743,-2.6557156288574135,-3.1547453947031534,-0.2655833597226026,7.064516129032258,-31.254199197575925,1m,True,surge,4,1.5,1.0,2.0,1.3,lower_high,1,2,False,99.0,False,True,0.3,1.2,True,50.0,80.0,False,False,pullback_low,1.0,0.5,1.5,rr,1.5,1.0,none,1.5,0.4,1.0,575,690,955,pessimistic,risk,1.0,2.0,4
39,41.02564102564103,1.0078659260799545,0.0020545205973182103,0.641664519642416,-0.4428915656949239,-0.21616050216215488,-3.2374350023389176,-3.9385816830355855,-0.20753132589748224,6.3076923076923075,-7.685451343679947,1m,True,surge,4,1.5,1.0,2.0,1.3,lower_high,1,3,False,99.0,False,True,0.3,1.2,True,50.0,80.0,False,False,pullback_low,1.0,0.5,1.5,rr,1.5,1.0,none,1.5,0.4,1.0,575,690,955,pessimistic,risk,1.0,2.0,4
17,41.1764705882353,0.8555810366693334,-0.04272924465866293,0.6147705063562379,-0.5029790703690934,-0.3470188329135704,-5.8630993523267065,-2.898333079380456,-2.072608175570609,8.588235294117647,-38.2961853726038,1m,True,surge,4,1.5,1.0,2.0,1.7,lower_high,1,3,False,99.0,False,True,0.3,1.2,False,50.0,80.0,False,False,pullback_low,1.0,0.5,1.5,rr,1.5,1.0,none,1.5,0.4,1.0,575,690,955,pessimistic,risk,1.0,2.0,4
15,40.0,0.8445819053357116,-0.04910325215826576,0.6670992582232649,-0.5265715924126195,-0.36376391049155465,-6.137656483150334,-2.898333079380456,-2.3460320592339574,9.0,-39.31293045018178,1m,True,surge,4,1.5,1.0,2.0,1.7,lower_high,1,3,False,99.0,False,True,0.3,1.2,True,50.0,80.0,True,False,pullback_low,1.0,0.5,1.5,rr,1.5,1.0,none,1.5,0.4,1.0,575,690,955,pessimistic,risk,1.0,2.0,4
134,38.059701492537314,1.0077333047426729,0.002598049580622282,0.8895339834664853,-0.5423866808793659,-0.6254282847485637,-8.752927202827998,-6.645502378438213,0.39099284298550324,35.88059701492537,-3.94817947396767,1m,True,surge,4,1.5,1.0,2.0,1.3,red_or_lh,1,3,False,99.0,True,True,0.3,1.2,False,50.0,80.0,False,False,pct,1.0,0.5,1.5,rr,2.0,1.0,none,1.5,0.4,1.0,575,930,955,pessimistic,risk,1.0,2.0,4
168,38.69047619047619,1.0070437941154617,0.0023709576805508712,0.876115636415142,-0.549021315307298,-0.8682527764220294,-11.954673618435397,-9.57056458055225,0.7360951700224135,34.44047619047619,-5.653535066698154,1m,True,surge,4,1.5,1.0,2.0,1.3,red_or_lh,1,3,False,99.0,False,True,0.3,1.2,False,50.0,80.0,False,False,pct,1.0,0.5,1.5,rr,2.0,1.0,none,1.5,0.4,1.0,575,930,955,pessimistic,risk,1.0,2.0,4
16,37.5,0.7957777540131891,-0.06419969714695907,0.6670992582232649,-0.5029790703690934,-0.9429421212294731,-15.182637525671916,-2.898333079380456,-2.9894505347256213,8.4375,-39.3921086609197,1m,True,surge,4,1.5,1.0,2.0,1.7,lower_high,1,3,False,99.0,False,True,0.3,1.2,True,50.0,80.0,False,False,pullback_low,1.0,0.5,1.5,rr,1.5,1.0,none,1.5,0.4,1.0,575,690,955,pessimistic,risk,1.0,2.0,4
112,30.357142857142858,1.0026476477800546,0.0006255667163399577,0.7803705453304906,-0.33926327011546936,-1.0438067469212386,-14.749816634849855,-15.234320917183346,-4.182394505871159,19.339285714285715,-8.660967205512911,1m,True,surge,4,1.5,1.0,2.0,1.3,lower_high,1,3,False,99.0,True,True,0.3,1.2,False,50.0,80.0,False,False,pullback_low,1.0,0.5,1.5,rr,3.0,1.0,none,1.5,0.4,1.0,575,930,955,pessimistic,risk,1.0,2.0,4
45,42.22222222222222,1.049948775175443,0.013682783624991772,0.6812031385012345,-0.4741205526307241,-1.056323746304455,-14.9136657033484,-4.967576004799982,-0.7369021104435385,6.444444444444445,-6.040111748704446,1m,True,surge,4,1.5,1.0,2.0,1.3,lower_high,1,3,False,99.0,False,True,0.3,1.2,False,50.0,80.0,False,False,pullback_low,1.0,0.5,1.5,rr,1.5,1.0,none,1.5,0.4,1.0,575,690,955,pessimistic,risk,1.0,2.0,4
11,36.36363636363637,0.6630946820837601,-0.12562705742102415,0.6799603048612679,-0.5859626930109053,-1.0569251245710953,-16.86308448760132,-2.7064665123618434,-5.042250483055298,10.454545454545455,-41.910158380752016,1m,True,surge,4,1.5,1.0,2.0,1.7,lower_high,1,2,False,99.0,False,True,0.3,1.2,False,50.0,80.0,True,False,pullback_low,1.0,0.5,1.5,rr,1.5,1.0,none,1.5,0.4,1.0,575,690,955,pessimistic,risk,1.0,2.0,4
11,36.36363636363637,0.6630946820837601,-0.12562705742102415,0.6799603048612679,-0.5859626930109053,-1.0569251245710953,-16.86308448760132,-2.7064665123618434,-5.042250483055298,10.454545454545455,-41.910158380752016,1m,True,surge,4,1.5,1.0,2.0,1.7,lower_high,1,2,False,99.0,False,True,0.3,1.2,False,50.0,80.0,False,False,pullback_low,1.0,0.5,1.5,rr,1.5,1.0,none,1.5,0.4,1.0,575,690,955,pessimistic,risk,1.0,2.0,4
11,36.36363636363637,0.6630946820837601,-0.12562705742102415,0.6799603048612679,-0.5859626930109053,-1.0569251245710953,-16.86308448760132,-2.7064665123618434,-5.042250483055298,10.454545454545455,-41.910158380752016,1m,True,surge,4,1.5,1.0,2.0,1.7,lower_high,1,2,False,99.0,False,True,0.3,1.2,True,50.0,80.0,True,False,pullback_low,1.0,0.5,1.5,rr,1.5,1.0,none,1.5,0.4,1.0,575,690,955,pessimistic,risk,1.0,2.0,4
11,36.36363636363637,0.6630946820837601,-0.12562705742102415,0.6799603048612679,-0.5859626930109053,-1.0569251245710953,-16.86308448760132,-2.7064665123618434,-5.042250483055298,10.454545454545455,-41.910158380752016,1m,True,surge,4,1.5,1.0,2.0,1.7,lower_high,1,2,False,99.0,False,True,0.3,1.2,True,50.0,80.0,False,False,pullback_low,1.0,0.5,1.5,rr,1.5,1.0,none,1.5,0.4,1.0,575,690,955,pessimistic,risk,1.0,2.0,4
134,31.34328358208955,0.9506770777651342,-0.012002087408925437,0.7380682383379688,-0.3544254969890293,-1.3400928333521023,-17.87899489341125,-13.670955260680659,-0.23776453975036305,18.544776119402986,-28.17557046369243,1m,True,surge,4,1.5,1.0,2.0,1.3,lower_high,1,3,False,99.0,False,True,0.3,1.2,False,50.0,80.0,False,False,pullback_low,1.0,0.5,1.5,rr,3.0,1.0,none,1.5,0.4,1.0,575,930,955,pessimistic,risk,1.0,2.0,4
36,41.666666666666664,1.0032878014697064,0.0010126574834490572,0.7416410580062128,-0.5280076286042393,-1.6092358222131842,-21.864722746257048,-4.3654686978167945,-1.4401692830053905,7.0,-10.791970171121582,1m,True,surge,4,1.5,1.0,2.0,1.3,lower_high,1,2,False,99.0,False,True,0.3,1.2,False,50.0,80.0,False,False,pullback_low,1.0,0.5,1.5,rr,1.5,1.0,none,1.5,0.4,1.0,575,690,955,pessimistic,risk,1.0,2.0,4
15,26.666666666666668,0.8422063870203391,-0.06480057706364747,1.2969978360113232,-0.5600000000000004,-2.1275440631040587,-31.187021332826404,-5.4759570780265925,-0.7335880470734135,46.266666666666666,-42.36552260211735,1m,True,surge,4,1.5,1.0,2.0,1.7,lower_high,1,3,False,99.0,False,True,0.3,1.2,False,50.0,80.0,True,False,pct,1.0,0.5,1.5,rr,3.0,1.0,none,1.5,0.4,1.0,575,690,955,pessimistic,risk,1.0,2.0,4
51,39.21568627450981,0.8631976208021931,-0.03831325319711497,0.6164612666616047,-0.46074842729951476,-2.5140985703618446,-32.10725178492857,-5.218995199047116,-2.0241024863624455,6.137254901960785,-25.123596169885403,1m,True,surge,4,1.5,1.0,2.0,1.0,lower_high,1,3,False,99.0,False,True,0.3,1.2,True,50.0,80.0,True,False,pullback_low,1.0,0.5,1.5,rr,1.5,1.0,none,1.5,0.4,1.0,575,690,955,pessimistic,risk,1.0,2.0,4
159,38.36477987421384,0.988999858668456,-0.0037185455767291577,0.8714417496713404,-0.5484611783331808,-2.713182620895138,-33.075005434871095,-9.44620447298998,-0.019925282873635843,36.15723270440252,-27.436284857390127,1m,True,surge,4,1.5,1.0,2.0,1.3,red_or_lh,1,3,False,99.0,False,True,0.3,1.2,True,50.0,80.0,False,False,pct,1.0,0.5,1.5,rr,2.0,1.0,none,1.5,0.4,1.0,575,930,955,pessimistic,risk,1.0,2.0,4
26,26.923076923076923,0.8859278206104204,-0.04668184571942798,1.3466102873278374,-0.5599999999999993,-2.764968167114934,-34.71634126466827,-8.078832226038573,-2.172747722238939,32.69230769230769,-38.80438428013422,1m,True,surge,4,1.5,1.0,2.0,1.3,lower_high,1,2,False,99.0,False,True,0.3,1.2,True,50.0,80.0,True,False,pct,1.0,0.5,1.5,rr,3.0,1.0,none,1.5,0.4,1.0,575,690,955,pessimistic,risk,1.0,2.0,4
130,29.23076923076923,0.9343096770816722,-0.015623745690637713,0.7602113813518929,-0.3360773851212482,-2.888895698684546,-34.8182773475495,-15.42342927661204,-0.6612163246278366,13.707692307692307,-30.600610336990567,1m,True,surge,4,1.5,1.0,2.0,1.3,lower_high,1,3,False,99.0,False,True,0.3,1.2,True,50.0,80.0,False,False,pullback_low,1.0,0.5,1.5,rr,3.0,1.0,none,1.5,0.4,1.0,575,930,955,pessimistic,risk,1.0,2.0,4
16,25.0,0.7720225214353111,-0.09575054099716931,1.2969978360113232,-0.5600000000000002,-3.223715569597274,-43.421595757588015,-5.4759570780265925,-1.5808264050856593,45.125,-42.96169410861057,1m,True,surge,4,1.5,1.0,2.0,1.7,lower_high,1,3,False,99.0,False,True,0.3,1.2,False,50.0,80.0,False,False,pct,1.0,0.5,1.5,rr,3.0,1.0,none,1.5,0.4,1.0,575,690,955,pessimistic,risk,1.0,2.0,4
10,20.0,0.6428571428571425,-0.16000000000000036,1.4400000000000004,-0.5600000000000005,-3.27704124600513,-43.96102288889479,-3.322508492799989,-2.595947382899663,29.4,-44.938295492405125,1m,True,surge,4,1.5,1.0,2.0,1.7,lower_high,1,2,False,99.0,False,True,0.3,1.2,False,50.0,80.0,True,False,pct,1.0,0.5,1.5,rr,3.0,1.0,none,1.5,0.4,1.0,575,690,955,pessimistic,risk,1.0,2.0,4
10,20.0,0.6428571428571425,-0.16000000000000036,1.4400000000000004,-0.5600000000000005,-3.27704124600513,-43.96102288889479,-3.322508492799989,-2.595947382899663,29.4,-44.938295492405125,1m,True,surge,4,1.5,1.0,2.0,1.7,lower_high,1,2,False,99.0,False,True,0.3,1.2,False,50.0,80.0,False,False,pct,1.0,0.5,1.5,rr,3.0,1.0,none,1.5,0.4,1.0,575,690,955,pessimistic,risk,1.0,2.0,4
10,20.0,0.6428571428571425,-0.16000000000000036,1.4400000000000004,-0.5600000000000005,-3.27704124600513,-43.96102288889479,-3.322508492799989,-2.595947382899663,29.4,-44.938295492405125,1m,True,surge,4,1.5,1.0,2.0,1.7,lower_high,1,2,False,99.0,False,True,0.3,1.2,True,50.0,80.0,False,False,pct,1.0,0.5,1.5,rr,3.0,1.0,none,1.5,0.4,1.0,575,690,955,pessimistic,risk,1.0,2.0,4
10,20.0,0.6428571428571425,-0.16000000000000036,1.4400000000000004,-0.5600000000000005,-3.27704124600513,-43.96102288889479,-3.322508492799989,-2.595947382899663,29.4,-44.938295492405125,1m,True,surge,4,1.5,1.0,2.0,1.7,lower_high,1,2,False,99.0,False,True,0.3,1.2,True,50.0,80.0,True,False,pct,1.0,0.5,1.5,rr,3.0,1.0,none,1.5,0.4,1.0,575,690,955,pessimistic,risk,1.0,2.0,4
45,37.77777777777778,0.8026715558064654,-0.059065853979957644,0.6359870333503472,-0.4810622498590713,-3.304104333318192,-40.00975770855385,-5.987081034162356,-3.0257178263245015,6.4,-28.797644850399372,1m,True,surge,4,1.5,1.0,2.0,1.0,lower_high,1,2,False,99.0,False,True,0.3,1.2,True,50.0,80.0,True,False,pullback_low,1.0,0.5,1.5,rr,1.5,1.0,none,1.5,0.4,1.0,575,690,955,pessimistic,risk,1.0,2.0,4
14,21.428571428571427,0.7012987012986968,-0.1314285714285736,1.4399999999999917,-0.5600000000000004,-3.797601054328781,-48.97829561545654,-5.4759570780265925,-2.436218215332247,29.142857142857142,-44.53557959334208,1m,True,surge,4,1.5,1.0,2.0,1.7,lower_high,1,3,False,99.0,False,True,0.3,1.2,True,50.0,80.0,True,False,pct,1.0,0.5,1.5,rr,3.0,1.0,none,1.5,0.4,1.0,575,690,955,pessimistic,risk,1.0,2.0,4
34,26.470588235294116,0.8790194293782053,-0.049815529079562444,1.3673635568105396,-0.5599999999999992,-3.808783236574864,-44.59897235101846,-8.57354895197125,-2.945384425081454,32.14705882352941,-36.09555771256049,1m,True,surge,4,1.5,1.0,2.0,1.3,lower_high,1,2,False,99.0,False,True,0.3,1.2,False,50.0,80.0,False,False,pct,1.0,0.5,1.5,rr,3.0,1.0,none,1.5,0.4,1.0,575,690,955,pessimistic,risk,1.0,2.0,4
94,37.234042553191486,0.9441673204284121,-0.01905838399637935,0.8655783304366981,-0.5438428756092218,-4.387277522428756,-48.0567650549436,-8.299668054002092,-0.7474810865592502,43.702127659574465,-28.537111549429802,1m,True,surge,4,1.5,1.0,2.0,1.7,red_or_lh,1,3,False,99.0,False,True,0.3,1.2,False,50.0,80.0,True,False,pct,1.0,0.5,1.5,rr,2.0,1.0,none,1.5,0.4,1.0,575,930,955,pessimistic,risk,1.0,2.0,4
15,20.0,0.642857142857139,-0.16000000000000184,1.4399999999999917,-0.5600000000000002,-4.875067922520304,-58.04967795729776,-5.4759570780265925,-3.293503872712345,29.066666666666666,-45.1130464615336,1m,True,surge,4,1.5,1.0,2.0,1.7,lower_high,1,3,False,99.0,False,True,0.3,1.2,True,50.0,80.0,False,False,pct,1.0,0.5,1.5,rr,3.0,1.0,none,1.5,0.4,1.0,575,690,955,pessimistic,risk,1.0,2.0,4
35,25.714285714285715,0.8449958601676579,-0.06449813873391073,1.3673635568105378,-0.560142571806989,-4.893256225232346,-53.373761462869254,-9.699766592623446,-2.763629032126177,41.05714285714286,-37.243139521544066,1m,True,surge,4,1.5,1.0,2.0,1.3,lower_high,1,3,False,99.0,False,True,0.3,1.2,True,50.0,80.0,False,False,pct,1.0,0.5,1.5,rr,3.0,1.0,none,1.5,0.4,1.0,575,690,955,pessimistic,risk,1.0,2.0,4
92,36.95652173913044,0.9333413022911538,-0.022842725458884723,0.8654470270213737,-0.543564304499036,-4.95809571894712,-52.40504851569989,-8.299668054002101,-0.9789286068215415,42.619565217391305,-29.10792974594817,1m,True,surge,4,1.5,1.0,2.0,1.7,red_or_lh,1,3,False,99.0,False,True,0.3,1.2,True,50.0,80.0,True,False,pct,1.0,0.5,1.5,rr,2.0,1.0,none,1.5,0.4,1.0,575,930,955,pessimistic,risk,1.0,2.0,4
148,28.37837837837838,0.8700878786916475,-0.033050013803931806,0.7800052294223067,-0.35520397810112064,-5.3321636096002045,-55.06799562713093,-14.595824272588365,-1.330874764656073,17.4527027027027,-32.63007574589439,1m,True,surge,4,1.5,1.0,2.0,1.0,lower_high,1,2,False,99.0,False,True,0.3,1.2,False,50.0,80.0,True,False,pullback_low,1.0,0.5,1.5,rr,3.0,1.0,none,1.5,0.4,1.0,575,930,955,pessimistic,risk,1.0,2.0,4
66,37.878787878787875,0.8210157906425213,-0.05225055026861453,0.632749175276016,-0.4699333097470477,-5.615572526034052,-58.478207662209634,-6.001303569174255,-2.5340216025030324,5.878787878787879,-28.616224310621178,1m,True,surge,4,1.5,1.0,2.0,1.0,lower_high,1,3,False,99.0,False,True,0.3,1.2,True,50.0,80.0,False,False,pullback_low,1.0,0.5,1.5,rr,1.5,1.0,none,1.5,0.4,1.0,575,690,955,pessimistic,risk,1.0,2.0,4
29,24.137931034482758,0.7651194814362723,-0.09978372374845249,1.3466102873278374,-0.5599999999999992,-5.995610357739323,-60.94938566498405,-9.108349305106957,-3.6431954655087133,35.96551724137931,-41.0497850102928,1m,True,surge,4,1.5,1.0,2.0,1.3,lower_high,1,2,False,99.0,False,True,0.3,1.2,True,50.0,80.0,False,False,pct,1.0,0.5,1.5,rr,3.0,1.0,none,1.5,0.4,1.0,575,690,955,pessimistic,risk,1.0,2.0,4
141,26.95035460992908,0.8745493765321996,-0.031189449922757153,0.8067792909223389,-0.3403429659626955,-6.038428313071553,-59.72143593176433,-17.34978972568768,-1.4479049411999583,13.98581560283688,-34.71332317591539,1m,True,surge,4,1.5,1.0,2.0,1.0,lower_high,1,2,False,99.0,False,True,0.3,1.2,True,50.0,80.0,True,False,pullback_low,1.0,0.5,1.5,rr,3.0,1.0,none,1.5,0.4,1.0,575,930,955,pessimistic,risk,1.0,2.0,4
53,37.735849056603776,0.7843278092977306,-0.06974843741766155,0.672177266807308,-0.5194003793721885,-6.1708696621859405,-60.54243420320613,-6.930813886437559,-5.518817632300857,6.490566037735849,-29.63627660540472,1m,True,surge,4,1.5,1.0,2.0,1.0,lower_high,1,2,False,99.0,False,True,0.3,1.2,False,50.0,80.0,True,False,pullback_low,1.0,0.5,1.5,rr,1.5,1.0,none,1.5,0.4,1.0,575,690,955,pessimistic,risk,1.0,2.0,4
57,36.8421052631579,0.7752563884017372,-0.07108321666368235,0.6655499134328223,-0.5007858758866433,-6.18765080741831,-62.145195525970934,-6.57104387640173,-3.625939064127616,6.245614035087719,-29.473172745619173,1m,True,surge,4,1.5,1.0,2.0,1.0,lower_high,1,2,False,99.0,False,True,0.3,1.2,True,50.0,80.0,False,False,pullback_low,1.0,0.5,1.5,rr,1.5,1.0,none,1.5,0.4,1.0,575,690,955,pessimistic,risk,1.0,2.0,4
62,38.70967741935484,0.8112831879808783,-0.05726006983934448,0.6359078790656844,-0.49505035335831016,-6.357114501653416,-61.670610872474874,-7.115550285087766,-4.12761209178535,6.145161290322581,-29.9148896441973,1m,True,surge,4,1.5,1.0,2.0,1.0,lower_high,1,3,False,99.0,False,True,0.3,1.2,False,50.0,80.0,True,False,pullback_low,1.0,0.5,1.5,rr,1.5,1.0,none,1.5,0.4,1.0,575,690,955,pessimistic,risk,1.0,2.0,4
60,31.666666666666668,0.7041633757585236,-0.0817112760987839,0.6141877320876411,-0.4042010603802979,-6.783110677696646,-70.50236451288548,-9.954784051160756,-4.788533667891385,22.783333333333335,-31.760502703277023,1m,True,surge,4,1.5,1.0,2.0,1.3,lower_high,1,3,False,99.0,False,True,0.5,1.5,False,50.0,80.0,False,False,pullback_low,1.0,0.5,1.5,rr,3.0,1.0,none,1.5,0.4,1.0,575,930,955,pessimistic,risk,1.0,2.0,4
55,25.454545454545453,0.8324240134993236,-0.06930313941801815,1.3524473825243,-0.5547789273983219,-8.051322670890626,-70.63945582552887,-15.142136941390765,-2.0811621141720407,44.29090909090909,-35.62239114158601,1m,True,surge,4,1.5,1.0,2.0,1.0,lower_high,1,3,False,99.0,False,True,0.3,1.2,False,50.0,80.0,True,False,pct,1.0,0.5,1.5,rr,3.0,1.0,none,1.5,0.4,1.0,575,690,955,pessimistic,risk,1.0,2.0,4
46,23.91304347826087,0.7833654249667382,-0.09129704373992079,1.3805701828449857,-0.5538838863808914,-8.639546993201963,-74.6954685985435,-16.62932712657949,-2.0765495975179182,42.06521739130435,-38.95421055649171,1m,True,surge,4,1.5,1.0,2.0,1.0,lower_high,1,3,False,99.0,False,True,0.3,1.2,True,50.0,80.0,True,False,pct,1.0,0.5,1.5,rr,3.0,1.0,none,1.5,0.4,1.0,575,690,955,pessimistic,risk,1.0,2.0,4
176,28.977272727272727,0.8405748849446768,-0.038620216133438315,0.7027111787898633,-0.3410834252621455,-8.925179910629044,-74.46031707257387,-16.86869457561872,-2.1358648865099648,16.744318181818183,-37.3595271984384,1m,True,surge,4,1.5,1.0,2.0,1.0,lower_high,1,3,False,99.0,False,True,0.3,1.2,False,50.0,80.0,True,False,pullback_low,1.0,0.5,1.5,rr,3.0,1.0,none,1.5,0.4,1.0,575,930,955,pessimistic,risk,1.0,2.0,4
166,27.10843373493976,0.839011020134459,-0.038062616800281314,0.7317550591524569,-0.32435844670006003,-9.615993533115619,-77.14731719887986,-19.693671315890285,-2.1927095809118495,13.493975903614459,-39.46282919106076,1m,True,surge,4,1.5,1.0,2.0,1.0,lower_high,1,3,False,99.0,False,True,0.3,1.2,True,50.0,80.0,True,False,pullback_low,1.0,0.5,1.5,rr,3.0,1.0,none,1.5,0.4,1.0,575,930,955,pessimistic,risk,1.0,2.0,4
99,35.35353535353536,0.8683886927699086,-0.04637866763292576,0.8655783304366981,-0.5451051509522513,-9.62298916643325,-77.17312772965373,-11.101119244371848,-2.0590438793456958,42.18181818181818,-35.17354878861917,1m,True,surge,4,1.5,1.0,2.0,1.7,red_or_lh,1,3,False,99.0,False,True,0.3,1.2,False,50.0,80.0,False,False,pct,1.0,0.5,1.5,rr,2.0,1.0,none,1.5,0.4,1.0,575,930,955,pessimistic,risk,1.0,2.0,4
66,36.36363636363637,0.7427754829860089,-0.08714378322579337,0.6920130813033135,-0.5323762772424259,-9.970110872295878,-78.42026816605315,-9.970110872295875,-6.404967506947442,6.348484848484849,-34.955166308443815,1m,True,surge,4,1.5,1.0,2.0,1.0,lower_high,1,2,False,99.0,False,True,0.3,1.2,False,50.0,80.0,False,False,pullback_low,1.0,0.5,1.5,rr,1.5,1.0,none,1.5,0.4,1.0,575,690,955,pessimistic,risk,1.0,2.0,4
97,35.05154639175258,0.8572095043532738,-0.050531244765127686,0.8654470270213737,-0.5448687247768903,-10.162549603516702,-79.0840158608788,-10.162549603516702,-2.31631303695592,41.123711340206185,-35.24382440527505,1m,True,surge,4,1.5,1.0,2.0,1.7,red_or_lh,1,3,False,99.0,False,True,0.3,1.2,True,50.0,80.0,False,False,pct,1.0,0.5,1.5,rr,2.0,1.0,none,1.5,0.4,1.0,575,930,955,pessimistic,risk,1.0,2.0,4
78,37.17948717948718,0.7667039069313544,-0.07315035030448144,0.6465963153877493,-0.49912286673457734,-10.333467644637363,-79.65753996658921,-10.333467644637363,-6.185394016944251,5.935897435897436,-35.50020146695604,1m,True,surge,4,1.5,1.0,2.0,1.0,lower_high,1,3,False,99.0,False,True,0.3,1.2,False,50.0,80.0,False,False,pullback_low,1.0,0.5,1.5,rr,1.5,1.0,none,1.5,0.4,1.0,575,690,955,pessimistic,risk,1.0,2.0,4
173,36.994219653179194,0.9220741708724037,-0.02702094346669529,0.8642732329849663,-0.550349634227304,-10.439980283240857,-80.00750318252213,-11.854494061788703,-2.558757400923343,37.72832369942196,-36.36722731413521,1m,True,surge,4,1.5,1.0,2.0,1.0,red_or_lh,1,2,False,99.0,False,True,0.3,1.2,False,50.0,80.0,True,False,pct,1.0,0.5,1.5,rr,2.0,1.0,none,1.5,0.4,1.0,575,930,955,pessimistic,risk,1.0,2.0,4
78,34.61538461538461,0.805785187090192,-0.06911479393704874,0.828397509695914,-0.5442683664486171,-10.858556773915373,-86.43758692127584,-13.020593026247981,-1.957452262262471,36.61538461538461,-37.368853287039364,1m,True,surge,4,1.5,1.0,2.0,1.3,red_or_lh,1,3,False,99.0,False,True,0.5,1.5,False,50.0,80.0,False,False,pct,1.0,0.5,1.5,rr,2.0,1.0,none,1.5,0.4,1.0,575,930,955,pessimistic,risk,1.0,2.0,4
163,36.809815950920246,0.9116222339975972,-0.030703471572368284,0.8603907377413351,-0.5497874769978266,-10.935521813374871,-81.5631761754208,-13.91704006040425,-2.6638513840080464,39.22699386503067,-37.894041843577,1m,True,surge,4,1.5,1.0,2.0,1.0,red_or_lh,1,2,False,99.0,False,True,0.3,1.2,True,50.0,80.0,True,False,pct,1.0,0.5,1.5,rr,2.0,1.0,none,1.5,0.4,1.0,575,930,955,pessimistic,risk,1.0,2.0,4
49,22.448979591836736,0.7208923446114911,-0.11999314310278172,1.380570182844991,-0.5543667374560842,-11.675005803413296,-83.67621686123042,-13.723576555949446,-4.519218204097107,36.775510204081634,-39.03679408138802,1m,True,surge,4,1.5,1.0,2.0,1.0,lower_high,1,2,False,99.0,False,True,0.3,1.2,False,50.0,80.0,True,False,pct,1.0,0.5,1.5,rr,3.0,1.0,none,1.5,0.4,1.0,575,690,955,pessimistic,risk,1.0,2.0,4
42,21.428571428571427,0.6737279707744501,-0.14189676219134156,1.3673635568105404,-0.5535132128282184,-11.716525359483853,-84.97148240933838,-14.729974834836554,-3.752092947330914,40.42857142857143,-43.08151277690213,1m,True,surge,4,1.5,1.0,2.0,1.0,lower_high,1,2,False,99.0,False,True,0.3,1.2,True,50.0,80.0,True,False,pct,1.0,0.5,1.5,rr,3.0,1.0,none,1.5,0.4,1.0,575,690,955,pessimistic,risk,1.0,2.0,4
163,25.766871165644172,0.8153662698110459,-0.04895520564767067,0.839032707295104,-0.3571824150988817,-12.524568407349868,-85.82454619183235,-18.68061467204806,-3.952630327409571,13.233128834355828,-41.8648757433739,1m,True,surge,4,1.5,1.0,2.0,1.0,lower_high,1,2,False,99.0,False,True,0.3,1.2,True,50.0,80.0,False,False,pullback_low,1.0,0.5,1.5,rr,3.0,1.0,none,1.5,0.4,1.0,575,930,955,pessimistic,risk,1.0,2.0,4
68,23.529411764705884,0.7545670293509495,-0.10434381669077515,1.3633914597087646,-0.5559546709675565,-14.025854243699465,-88.9904164297769,-16.999512551606983,-5.090270588057545,40.1764705882353,-42.525610519502955,1m,True,surge,4,1.5,1.0,2.0,1.0,lower_high,1,3,False,99.0,False,True,0.3,1.2,False,50.0,80.0,False,False,pct,1.0,0.5,1.5,rr,3.0,1.0,none,1.5,0.4,1.0,575,690,955,pessimistic,risk,1.0,2.0,4
59,22.033898305084747,0.7071046780910047,-0.12683679455962865,1.3897132316380676,-0.5554270193546297,-14.575857627030175,-90.8913214878896,-20.270548906826924,-4.090554314232928,39.30508474576271,-44.71113208044363,1m,True,surge,4,1.5,1.0,2.0,1.0,lower_high,1,3,False,99.0,False,True,0.3,1.2,True,50.0,80.0,False,False,pct,1.0,0.5,1.5,rr,3.0,1.0,none,1.5,0.4,1.0,575,690,955,pessimistic,risk,1.0,2.0,4
52,21.153846153846153,0.6676477061976196,-0.1453781540776218,1.380570182844991,-0.5547789273983227,-14.609611236860031,-90.9459045519881,-17.03902731546844,-5.564352923759581,36.44230769230769,-43.129124894594256,1m,True,surge,4,1.5,1.0,2.0,1.0,lower_high,1,2,False,99.0,False,True,0.3,1.2,True,50.0,80.0,False,False,pct,1.0,0.5,1.5,rr,3.0,1.0,none,1.5,0.4,1.0,575,690,955,pessimistic,risk,1.0,2.0,4
60,21.666666666666668,0.692036937313754,-0.13399440020060469,1.3897132316380718,-0.5554454473049194,-15.526274428076869,-91.48595253216514,-16.059881596174993,-8.079106619204115,34.86666666666667,-43.55621522616437,1m,True,surge,4,1.5,1.0,2.0,1.0,lower_high,1,2,False,99.0,False,True,0.3,1.2,False,50.0,80.0,False,False,pct,1.0,0.5,1.5,rr,3.0,1.0,none,1.5,0.4,1.0,575,690,955,pessimistic,risk,1.0,2.0,4
174,25.862068965517242,0.7613920431618225,-0.06542226025219183,0.8072084338905366,-0.3698283163484925,-16.660607754630398,-93.0110038082911,-18.36612859873481,-7.4948456734089115,15.954022988505747,-45.84367205399781,1m,True,surge,4,1.5,1.0,2.0,1.0,lower_high,1,2,False,99.0,False,True,0.3,1.2,False,50.0,80.0,False,False,pullback_low,1.0,0.5,1.5,rr,3.0,1.0,none,1.5,0.4,1.0,575,930,955,pessimistic,risk,1.0,2.0,4
191,25.654450261780106,0.7827372654055534,-0.05451191963049401,0.7655252716980825,-0.3374824997368338,-16.711961011159705,-93.07361709062573,-21.171952223542114,-5.033634009467128,12.842931937172775,-47.29793712293076,1m,True,surge,4,1.5,1.0,2.0,1.0,lower_high,1,3,False,99.0,False,True,0.3,1.2,True,50.0,80.0,False,False,pullback_low,1.0,0.5,1.5,rr,3.0,1.0,none,1.5,0.4,1.0,575,930,955,pessimistic,risk,1.0,2.0,4
196,35.714285714285715,0.8777658099022413,-0.043232434775339806,0.8692679901095022,-0.5501771152669187,-17.167693341906542,-93.60682739511181,-17.167693341906546,-4.454582372620244,36.02040816326531,-45.75154001285981,1m,True,surge,4,1.5,1.0,2.0,1.0,red_or_lh,1,3,False,99.0,False,True,0.3,1.2,False,50.0,80.0,True,False,pct,1.0,0.5,1.5,rr,2.0,1.0,none,1.5,0.4,1.0,575,930,955,pessimistic,risk,1.0,2.0,4
182,35.16483516483517,0.8509749902368556,-0.0530941035879073,0.8621748386036351,-0.5495111569799302,-18.990165476513354,-95.37990317030905,-18.990165476513358,-5.485004849280814,37.68681318681319,-48.48524821477003,1m,True,surge,4,1.5,1.0,2.0,1.0,red_or_lh,1,3,False,99.0,False,True,0.3,1.2,True,50.0,80.0,True,False,pct,1.0,0.5,1.5,rr,2.0,1.0,none,1.5,0.4,1.0,575,930,955,pessimistic,risk,1.0,2.0,4
204,26.96078431372549,0.7528767790227431,-0.0634375027207727,0.7168427589850151,-0.35146041811552664,-19.667697570144416,-95.9130706228907,-19.66769757014442,-8.649890643273668,15.485294117647058,-49.501546355216625,1m,True,surge,4,1.5,1.0,2.0,1.0,lower_high,1,3,False,99.0,False,True,0.3,1.2,False,50.0,80.0,False,False,pullback_low,1.0,0.5,1.5,rr,3.0,1.0,none,1.5,0.4,1.0,575,930,955,pessimistic,risk,1.0,2.0,4
168,26.785714285714285,0.8288491729713121,-0.06923724657024277,1.251794568596308,-0.5525415691921517,-22.530924000155082,-96.41318326491329,-23.493382628179994,-2.910335672021089,63.44047619047619,-54.27761531424508,1m,True,surge,4,1.5,1.0,2.0,1.3,lower_high,1,3,False,99.0,False,False,0.3,1.2,False,50.0,80.0,False,False,pct,1.0,0.5,1.5,rr,3.0,1.0,none,1.5,0.4,1.0,575,690,955,pessimistic,risk,1.0,2.0,4
187,33.68983957219251,0.7960951715198714,-0.07457040570211797,0.8641816549917483,-0.5515170171836792,-25.655482140486786,-98.68103078284115,-25.655482140486786,-6.179884093655108,36.32620320855615,-58.48322321073018,1m,True,surge,4,1.5,1.0,2.0,1.0,red_or_lh,1,2,False,99.0,False,True,0.3,1.2,True,50.0,80.0,False,False,pct,1.0,0.5,1.5,rr,2.0,1.0,none,1.5,0.4,1.0,575,930,955,pessimistic,risk,1.0,2.0,4
201,33.830845771144276,0.8054605267539242,-0.0710679893845574,0.8697565333011787,-0.5520910536148586,-26.265667936116177,-98.83055888988886,-26.265667936116184,-6.700378099606241,34.169154228855724,-59.39850190417427,1m,True,surge,4,1.5,1.0,2.0,1.0,red_or_lh,1,2,False,99.0,False,True,0.3,1.2,False,50.0,80.0,False,False,pct,1.0,0.5,1.5,rr,2.0,1.0,none,1.5,0.4,1.0,575,930,955,pessimistic,risk,1.0,2.0,4
225,33.333333333333336,0.7941767075767241,-0.07558273270883244,0.8749162221480998,-0.5508322101372984,-30.33062109230844,-99.48901010999788,-30.330621092308448,-8.178231374317015,33.973333333333336,-65.49593163846266,1m,True,surge,4,1.5,1.0,2.0,1.0,red_or_lh,1,3,False,99.0,False,True,0.3,1.2,False,50.0,80.0,False,False,pct,1.0,0.5,1.5,rr,2.0,1.0,none,1.5,0.4,1.0,575,930,955,pessimistic,risk,1.0,2.0,4
207,32.85024154589372,0.7693806186767087,-0.08534702280183992,0.8667527892740101,-0.5511224704360689,-31.112798922255212,-99.56666608878525,-31.112798922255212,-7.21663066770343,36.405797101449274,-66.66919838338282,1m,True,surge,4,1.5,1.0,2.0,1.0,red_or_lh,1,3,False,99.0,False,True,0.3,1.2,True,50.0,80.0,False,False,pct,1.0,0.5,1.5,rr,2.0,1.0,none,1.5,0.4,1.0,575,930,955,pessimistic,risk,1.0,2.0,4
263,36.12167300380228,0.6304055297508386,-0.08768829326194083,0.41406479737391966,-0.37141771951436203,-38.00497951081887,-99.80356327993948,-38.584233530930305,-10.174459653135262,6.433460076045628,-77.29709627628402,1m,True,surge,4,1.5,1.0,2.0,1.3,lower_high,1,3,False,99.0,False,False,0.3,1.2,False,50.0,80.0,False,False,pullback_low,1.0,0.5,1.5,rr,1.5,1.0,none,1.5,0.4,1.0,575,690,955,pessimistic,risk,1.0,2.0,4
478,30.96234309623431,0.729227321148993,-0.10140201264841209,0.8820045919121429,-0.5424449746937519,-63.693372439465314,-99.99981630300869,-63.693372439465314,-9.607366256316638,46.42050209205021,-115.54005865919797,1m,True,surge,4,1.5,1.0,2.0,1.3,red_or_lh,1,3,False,99.0,False,False,0.3,1.2,False,50.0,80.0,False,False,pct,1.0,0.5,1.5,rr,2.0,1.0,none,1.5,0.4,1.0,575,930,955,pessimistic,risk,1.0,2.0,4
702,24.074074074074073,0.6249964888255104,-0.08687627718367186,0.6014421394710933,-0.30512358002542667,-66.98528510179331,-99.99994678805298,-66.98528510179332,-12.508281913694026,16.45299145299145,-120.47792765268997,1m,True,surge,4,1.5,1.0,2.0,1.3,lower_high,1,3,False,99.0,False,False,0.3,1.2,False,50.0,80.0,False,False,pullback_low,1.0,0.5,1.5,rr,3.0,1.0,none,1.5,0.4,1.0,575,930,955,pessimistic,risk,1.0,2.0,4
